likes,trendingScore,downloads,category,createdAt,model_name,Year
1673,1673.0,59503,text-to-image,2025-11-25 15:09:48+00:00,Tongyi-MAI/Z-Image-Turbo,2025
800,800.0,175592,image-to-image,2025-11-22 15:07:08+00:00,black-forest-labs/FLUX.2-dev,2025
574,574.0,134299,image-text-to-text,2025-11-18 04:08:56+00:00,tencent/HunyuanOCR,2025
565,565.0,4434,text-generation,2025-11-27 09:54:23+00:00,deepseek-ai/DeepSeek-Math-V2,2025
372,372.0,0,text-generation,2025-12-01 02:34:49+00:00,deepseek-ai/DeepSeek-V3.2,2025
358,345.0,18944,image-text-to-text,2025-10-30 18:56:59+00:00,microsoft/Fara-7B,2025
304,304.0,1011732,text-generation,2025-11-26 01:00:52+00:00,Comfy-Org/z_image_turbo,2025
270,270.0,0,text-generation,2025-11-28 03:00:02+00:00,deepseek-ai/DeepSeek-V3.2-Speciale,2025
828,236.0,268416,mask-generation,2025-11-07 05:17:48+00:00,facebook/sam3,2025
222,222.0,416,text-generation,2025-11-25 23:23:02+00:00,nvidia/Orchestrator-8B,2025
163,163.0,1974,text-generation,2025-11-26 08:50:44+00:00,PrimeIntellect/INTELLECT-3,2025
780,143.0,2479,text-to-video,2025-11-18 06:36:54+00:00,tencent/HunyuanVideo-1.5,2025
367,142.0,13232,text-to-speech,2025-11-18 08:07:35+00:00,Supertone/supertonic,2025
123,123.0,44112,text-to-image,2025-11-27 06:37:27+00:00,jayn7/Z-Image-Turbo-GGUF,2025
112,112.0,88,text-to-image,2025-11-28 09:03:51+00:00,AIDC-AI/Ovis-Image-7B,2025
111,111.0,617548,text-generation,2025-11-25 02:18:57+00:00,Comfy-Org/flux2-dev,2025
458,102.0,7001,text-generation,2025-10-31 21:43:05+00:00,salakash/SamKash-Tolstoy,2025
99,99.0,265,audio-text-to-text,2025-11-18 13:49:22+00:00,stepfun-ai/Step-Audio-R1,2025
88,88.0,0,text-to-speech,2025-11-26 03:15:40+00:00,apple/starflow,2025
101,85.0,6492,text-to-speech,2025-11-15 09:43:14+00:00,nari-labs/Dia2-2B,2025
1470,83.0,320289,text-generation,2025-11-04 08:25:31+00:00,moonshotai/Kimi-K2-Thinking,2025
83,83.0,83861,text-to-image,2025-11-26 20:43:17+00:00,T5B/Z-Image-Turbo-FP8,2025
2906,79.0,5468241,image-text-to-text,2025-10-17 06:22:05+00:00,deepseek-ai/DeepSeek-OCR,2025
74,74.0,32133,text-generation,2025-11-28 10:45:03+00:00,unsloth/Qwen3-Next-80B-A3B-Instruct-GGUF,2025
70,70.0,119,image-to-text,2025-11-28 15:00:26+00:00,stepfun-ai/GELab-Zero-4B-preview,2025
231,69.0,0,text-to-image,2025-10-06 19:56:56+00:00,facebook/sam-3d-objects,2025
866,63.0,0,text-to-image,2025-10-02 03:43:15+00:00,Phr00t/Qwen-Image-Edit-Rapid-AIO,2025
63,63.0,28643,text-generation,2025-11-25 18:08:51+00:00,orabazes/FLUX.2-dev-GGUF,2025
68,61.0,2952,text-generation,2025-11-24 09:38:07+00:00,ArliAI/GLM-4.5-Air-Derestricted,2025
61,61.0,31770,image-to-image,2025-11-25 22:24:44+00:00,city96/FLUX.2-dev-gguf,2025
896,58.0,426917,image-to-image,2025-09-22 13:09:40+00:00,Qwen/Qwen-Image-Edit-2509,2025
53,53.0,639,text-generation,2025-11-27 12:32:02+00:00,ArliAI/gpt-oss-20b-Derestricted,2025
5048,51.0,4987258,text-generation,2024-07-18 08:56:00+00:00,meta-llama/Llama-3.1-8B-Instruct,2024
11937,46.0,1384788,text-to-image,2024-07-31 21:13:44+00:00,black-forest-labs/FLUX.1-dev,2024
46,46.0,330,image-to-image,2025-11-25 20:31:32+00:00,fal/FLUX.2-Tiny-AutoEncoder,2025
43,43.0,60,image-to-image,2025-11-26 06:12:18+00:00,stepfun-ai/Step1X-Edit-v1p2,2025
777,41.0,96657,image-to-image,2025-10-31 14:48:17+00:00,dx8152/Qwen-Edit-2509-Multiple-angles,2025
48,41.0,0,text-to-video,2025-11-21 05:58:44+00:00,ChenkinNoob/ChenkinNoob-XL-V0.1,2025
45,39.0,0,text-to-video,2025-11-24 16:54:40+00:00,Phr00t/HunyuanVideo-1.5-Rapid-AIO,2025
39,39.0,10274,text-to-image,2025-11-27 11:17:40+00:00,Kijai/Z-Image_comfy_fp8_scaled,2025
39,39.0,25121,text-to-image,2025-11-28 14:57:04+00:00,ostris/zimage_turbo_training_adapter,2025
1298,38.0,760433,sentence-similarity,2025-07-17 19:53:55+00:00,google/embeddinggemma-300m,2025
130,38.0,5923,text-generation,2025-11-19 20:48:33+00:00,allenai/Olmo-3-32B-Think,2025
784,37.0,56110,text-to-speech,2025-10-18 01:45:08+00:00,maya-research/maya1,2025
37,37.0,532,text-to-image,2025-11-29 04:09:52+00:00,renderartist/Technically-Color-Z-Image-Turbo,2025
5345,36.0,3797384,text-to-speech,2024-12-26 00:20:08+00:00,hexgrad/Kokoro-82M,2024
1198,34.0,0,image-to-video,2025-07-30 16:39:44+00:00,Phr00t/WAN2.2-14B-Rapid-AllInOne,2025
34,34.0,5116,text-generation,2025-11-26 20:41:04+00:00,Disty0/Z-Image-Turbo-SDNQ-uint4-svd-r32,2025
4005,32.0,7395121,text-generation,2025-08-04 22:33:29+00:00,openai/gpt-oss-20b,2025
490,32.0,20624,text-generation,2025-11-04 03:57:27+00:00,WeiboAI/VibeThinker-1.5B,2025
32,32.0,238,text-generation,2025-11-25 14:08:45+00:00,inclusionAI/LLaDA2.0-mini,2025
852,31.0,64471,text-generation,2025-09-29 06:07:26+00:00,deepseek-ai/DeepSeek-V3.2-Exp,2025
31,31.0,135,text-generation,2025-11-25 14:10:56+00:00,inclusionAI/LLaDA2.0-flash,2025
2541,30.0,7160805,sentence-similarity,2024-01-27 17:07:29+00:00,BAAI/bge-m3,2024
489,30.0,2004358,image-text-to-text,2025-10-11 07:23:39+00:00,Qwen/Qwen3-VL-8B-Instruct,2025
30,30.0,19266,text-generation,2025-11-28 13:54:20+00:00,unsloth/Qwen3-Next-80B-A3B-Thinking-GGUF,2025
7176,28.0,2756179,text-to-image,2023-07-25 13:25:51+00:00,stabilityai/stable-diffusion-xl-base-1.0,2023
1112,28.0,240868,text-generation,2025-09-29 18:22:51+00:00,zai-org/GLM-4.6,2025
100,28.0,0,image-to-video,2025-11-17 18:44:24+00:00,facebook/sam-3d-body-dinov3,2025
28,28.0,1436,image-to-video,2025-11-24 07:24:36+00:00,MCG-NJU/SteadyDancer-14B,2025
113,27.0,52694,text-generation,2025-04-28 07:55:09+00:00,unsloth/Qwen3-4B-GGUF,2025
493,27.0,409738,text-generation,2025-10-30 12:37:31+00:00,moonshotai/Kimi-Linear-48B-A3B-Instruct,2025
1782,26.0,6186538,text-generation,2025-02-25 17:54:17+00:00,Kijai/WanVideo_comfy,2025
50,26.0,70,text-generation,2025-11-10 21:47:06+00:00,nvidia/Nemotron-Elastic-12B,2025
26,26.0,17533,image-to-image,2025-11-25 20:33:02+00:00,gguf-org/flux2-dev-gguf,2025
26,26.0,0,text-generation,2025-12-01 16:12:10+00:00,arcee-ai/Trinity-Mini,2025
4171,25.0,147343796,sentence-similarity,2022-03-02 23:29:05+00:00,sentence-transformers/all-MiniLM-L6-v2,2022
78,25.0,11260,text-generation,2025-11-19 20:49:53+00:00,allenai/Olmo-3-7B-Instruct,2025
4205,24.0,4363677,text-generation,2025-08-04 22:33:06+00:00,openai/gpt-oss-120b,2025
108,24.0,9584,image-text-to-text,2025-11-15 15:15:54+00:00,nvidia/NVIDIA-Nemotron-Parse-v1.1,2025
64,23.0,11806,text-generation,2025-11-18 01:22:27+00:00,allenai/Olmo-3-7B-Think,2025
26,23.0,87,text-generation,2025-11-19 03:30:49+00:00,Zyphra/ZAYA1-base,2025
832,22.0,6724859,text-generation,2025-04-27 03:40:08+00:00,Qwen/Qwen3-0.6B,2025
2166,22.0,110281,image-to-image,2025-08-17 08:32:01+00:00,Qwen/Qwen-Image-Edit,2025
90,22.0,7642,text-generation,2025-11-04 19:13:51+00:00,allenai/Olmo-3-1125-32B,2025
22,22.0,137,text-generation,2025-11-26 08:17:22+00:00,opendatalab/MinerU-HTML,2025
3242,21.0,81247,text-to-image,2024-10-22 07:29:57+00:00,stabilityai/stable-diffusion-3.5-large,2024
1376,21.0,25831,image-text-to-text,2025-10-16 10:14:45+00:00,PaddlePaddle/PaddleOCR-VL,2025
26,21.0,400,text-to-image,2025-11-20 13:58:30+00:00,Owen777/UltraFlux-v1,2025
21,21.0,7252,text-to-image,2025-11-27 00:07:54+00:00,drbaph/Z-Image-Turbo-FP8,2025
41,20.0,0,text-to-image,2025-06-25 12:08:27+00:00,NewBie-AI/NewBie-image-v0.1-exp-model-repo,2025
1369,20.0,395104,text-generation,2025-10-22 13:45:10+00:00,MiniMaxAI/MiniMax-M2,2025
1850,19.0,1610324,text-generation,2024-09-18 15:19:20+00:00,meta-llama/Llama-3.2-3B-Instruct,2024
2248,19.0,264644,text-to-image,2025-08-02 04:58:07+00:00,Qwen/Qwen-Image,2025
211,19.0,10300,image-to-image,2025-11-07 17:51:33+00:00,dx8152/Qwen-Image-Edit-2509-Light_restoration,2025
44,19.0,562,image-to-text,2025-11-19 09:34:27+00:00,XiaomiMiMo/MiMo-Embodied-7B,2025
51,19.0,574713,image-text-to-text,2025-11-19 18:05:53+00:00,Comfy-Org/HunyuanVideo_1.5_repackaged,2025
19,19.0,20172,image-text-to-text,2025-11-24 20:17:35+00:00,bartowski/microsoft_Fara-7B-GGUF,2025
19,19.0,7555,text-generation,2025-11-27 04:35:51+00:00,bartowski/PrimeIntellect_INTELLECT-3-GGUF,2025
1334,18.0,14201909,automatic-speech-recognition,2023-11-16 08:19:01+00:00,pyannote/speaker-diarization-3.1,2023
916,18.0,7703231,text-generation,2024-09-16 11:55:40+00:00,Qwen/Qwen2.5-7B-Instruct,2024
683,18.0,730995,text-to-image,2025-08-09 14:57:18+00:00,lightx2v/Qwen-Image-Lightning,2025
24,18.0,1667,text-to-video,2025-11-24 10:51:04+00:00,lightx2v/Hy1.5-Distill-Models,2025
18,18.0,2173,text-to-image,2025-11-28 05:58:38+00:00,bdsqlsz/qinglong_DetailedEyes_Z-Image,2025
18,18.0,524,text-generation,2025-11-28 14:34:55+00:00,ArliAI/gpt-oss-120b-Derestricted,2025
3204,17.0,5469141,text-to-speech,2023-10-31 10:11:33+00:00,coqui/XTTS-v2,2023
12888,17.0,1184480,text-generation,2025-01-20 03:46:07+00:00,deepseek-ai/DeepSeek-R1,2025
997,17.0,939327,image-text-to-text,2025-02-20 21:20:07+00:00,google/gemma-3-4b-it,2025
784,17.0,4412714,text-generation,2025-04-27 03:42:21+00:00,Qwen/Qwen3-8B,2025
508,17.0,5341266,text-generation,2025-08-05 10:58:03+00:00,Qwen/Qwen3-4B-Instruct-2507,2025
17,17.0,2983,text-generation,2025-10-14 18:44:57+00:00,nvidia/Nemotron-Flash-3B-Instruct,2025
17,17.0,7714,text-generation,2025-11-24 17:07:55+00:00,bartowski/ArliAI_GLM-4.5-Air-Derestricted-GGUF,2025
17,17.0,1242,text-generation,2025-11-26 17:24:04+00:00,PrimeIntellect/INTELLECT-3-FP8,2025
4434,16.0,800754,text-to-image,2024-07-31 19:58:05+00:00,black-forest-labs/FLUX.1-schnell,2024
477,16.0,2786719,text-generation,2025-04-27 03:41:29+00:00,Qwen/Qwen3-4B,2025
759,16.0,5206309,feature-extraction,2025-06-03 14:25:32+00:00,Qwen/Qwen3-Embedding-0.6B,2025
516,16.0,19696,text-generation,2025-06-18 05:36:01+00:00,IndexTeam/IndexTTS-2,2025
891,16.0,1770026,text-generation,2025-09-09 15:40:56+00:00,Qwen/Qwen3-Next-80B-A3B-Instruct,2025
64,16.0,1142,token-classification,2025-11-13 22:48:42+00:00,rl-research/DR-Tulu-8B,2025
16,16.0,65,token-classification,2025-11-25 17:58:38+00:00,knowledgator/gliner-relex-large-v0.5,2025
16,16.0,0,automatic-speech-recognition,2025-11-30 20:21:53+00:00,oumoumad/Qwen-Edit-2509-Material-transfer,2025
5150,15.0,4786189,automatic-speech-recognition,2023-11-07 18:41:14+00:00,openai/whisper-large-v3,2023
46,15.0,11730,sentence-similarity,2025-07-02 16:09:09+00:00,fastino/gliner2-base-v1,2025
19,15.0,1067,sentence-similarity,2025-08-08 01:15:20+00:00,MongoDB/mdbr-leaf-ir,2025
847,15.0,39258,video-to-video,2025-09-11 12:53:31+00:00,Wan-AI/Wan2.2-Animate-14B,2025
788,15.0,24507,text-to-speech,2025-09-15 14:30:42+00:00,neuphonic/neutts-air,2025
235,15.0,532,text-to-image,2025-10-30 11:07:10+00:00,eigen-ai-labs/eigen-banana-qwen-image-edit,2025
15,15.0,179,image-to-image,2025-11-24 12:49:53+00:00,Kr1sJ/iMontage,2025
15,15.0,8850,image-to-image,2025-11-24 17:07:35+00:00,diffusers/FLUX.2-dev-bnb-4bit,2025
15,15.0,331,text-to-image,2025-11-25 16:15:27+00:00,ostris/flux2_berthe_morisot,2025
15,15.0,2006,text-generation,2025-11-30 03:43:20+00:00,bartowski/nvidia_Orchestrator-8B-GGUF,2025
15,15.0,256,text-generation,2025-11-30 18:37:42+00:00,Anzhc/Z-Image_Anime_VAE,2025
15,15.0,0,text-generation,2025-12-01 19:16:24+00:00,arcee-ai/Trinity-Nano-Preview,2025
816,14.0,2860252,text-classification,2024-03-15 13:32:18+00:00,BAAI/bge-reranker-v2-m3,2024
315,14.0,10797,text-generation,2025-06-12 05:29:16+00:00,dphn/Dolphin-Mistral-24B-Venice-Edition,2025
97,14.0,2038,image-to-image,2025-10-10 16:57:16+00:00,nvidia/parakeet_realtime_eou_120m-v1,2025
222,14.0,11664,image-to-image,2025-10-22 06:35:15+00:00,dx8152/Qwen-Image-Edit-2509-Fusion,2025
143,14.0,3848,image-to-image,2025-11-16 15:56:02+00:00,dx8152/Qwen-Edit-2509-Multi-Angle-Lighting,2025
14,14.0,74,text-generation,2025-11-28 06:37:13+00:00,YanLabs/gemma3-27b-it-abliterated-normpreserve,2025
14,14.0,0,text-generation,2025-11-30 20:45:23+00:00,malcolmrey/zimage,2025
399,13.0,16908,text-generation,2025-03-11 20:49:11+00:00,litert-community/Gemma3-1B-IT,2025
2452,13.0,330097,image-to-image,2025-05-28 22:23:43+00:00,black-forest-labs/FLUX.1-Kontext-dev,2025
464,13.0,702274,feature-extraction,2025-06-03 14:39:10+00:00,Qwen/Qwen3-Embedding-8B,2025
429,13.0,66610,automatic-speech-recognition,2025-08-04 13:34:09+00:00,nvidia/parakeet-tdt-0.6b-v3,2025
420,13.0,1381970,image-text-to-text,2025-09-30 10:52:01+00:00,Qwen/Qwen3-VL-30B-A3B-Instruct,2025
95,13.0,40706,image-text-to-text,2025-10-16 08:39:12+00:00,huihui-ai/Huihui-Qwen3-VL-8B-Instruct-abliterated,2025
14,13.0,42,text-to-image,2025-11-17 07:19:59+00:00,LibraTree/GeoVista-RL-6k-7B,2025
13,13.0,5024,text-to-image,2025-11-27 17:16:58+00:00,worstplayer/Z-Image_Qwen_3_4b_text_encoder_GGUF,2025
13,13.0,260,text-to-image,2025-11-29 19:16:49+00:00,ostris/z_image_turbo_childrens_drawings,2025
13,13.0,0,image-to-image,2025-12-01 14:17:56+00:00,lovis93/Flux-2-Multi-Angles-LoRA-v2,2025
2203,12.0,3214063,text-generation,2024-09-18 15:03:14+00:00,meta-llama/Llama-3.2-1B,2024
953,12.0,225137,image-segmentation,2024-10-29 12:14:36+00:00,briaai/RMBG-2.0,2024
1716,12.0,1208025,image-text-to-text,2025-03-01 19:10:19+00:00,google/gemma-3-27b-it,2025
214,12.0,33492,text-generation,2025-06-06 22:25:05+00:00,google/gemma-3n-E2B-it-litert-lm,2025
786,12.0,995678,text-generation,2025-07-31 07:04:55+00:00,Qwen/Qwen3-Coder-30B-A3B-Instruct,2025
236,12.0,113020,text-to-image,2025-09-24 02:51:15+00:00,nunchaku-tech/nunchaku-qwen-image-edit-2509,2025
214,12.0,427073,image-text-to-text,2025-10-19 13:13:24+00:00,Qwen/Qwen3-VL-2B-Instruct,2025
96,12.0,4193688,time-series-forecasting,2025-10-30 14:54:39+00:00,amazon/chronos-2,2025
12,12.0,1531,image-to-text,2025-11-19 00:43:44+00:00,sbintuitions/sarashina2.2-vision-3b,2025
14,12.0,1115,image-text-to-text,2025-11-24 01:30:03+00:00,CabalResearch/NoobAI-RectifiedFlow-Experimental,2025
2278,11.0,1012928,image-text-to-text,2024-05-22 09:57:04+00:00,mistralai/Mistral-7B-Instruct-v0.3,2024
1368,11.0,3563560,image-text-to-text,2025-01-26 09:26:37+00:00,Qwen/Qwen2.5-VL-7B-Instruct,2025
1302,11.0,721341,text-to-speech,2025-04-24 12:03:33+00:00,ResembleAI/chatterbox,2025
1999,11.0,183393,text-to-speech,2025-08-25 13:46:48+00:00,microsoft/VibeVoice-1.5B,2025
293,11.0,2533,audio-to-audio,2025-08-28 03:13:04+00:00,LiquidAI/LFM2-Audio-1.5B,2025
400,11.0,106666,image-to-text,2025-10-21 00:35:41+00:00,datalab-to/chandra,2025
96,11.0,1069,text-to-speech,2025-10-29 11:53:19+00:00,stepfun-ai/Step-Audio-EditX,2025
205,11.0,28799,image-to-image,2025-11-05 13:14:01+00:00,vafipas663/Qwen-Edit-2509-Upscale-LoRA,2025
504,11.0,46963,image-text-to-text,2025-11-07 02:48:32+00:00,baidu/ERNIE-4.5-VL-28B-A3B-Thinking,2025
45,11.0,8128,audio-text-to-text,2025-11-10 19:23:03+00:00,nvidia/music-flamingo-hf,2025
15,11.0,6278,image-to-video,2025-11-21 13:45:03+00:00,jayn7/HunyuanVideo-1.5_I2V_480p-GGUF,2025
11,11.0,38,zero-shot-classification,2025-11-27 20:41:40+00:00,jiangchengchengNLP/qwen3-4b-fp8-scaled,2025
11,11.0,0,zero-shot-classification,2025-12-01 08:58:10+00:00,arcee-ai/Trinity-Mini-GGUF,2025
1493,10.0,3539311,zero-shot-classification,2022-03-02 23:29:05+00:00,facebook/bart-large-mnli,2022
347,10.0,0,text-generation,2023-06-22 19:17:27+00:00,rhasspy/piper-voices,2023
591,10.0,3789494,text-generation,2025-04-27 03:52:59+00:00,Qwen/Qwen3-32B,2025
822,10.0,67615,text-generation,2025-07-08 10:11:45+00:00,HuggingFaceTB/SmolLM3-3B,2025
411,10.0,1003666,image-text-to-text,2025-07-22 10:39:42+00:00,Kijai/WanVideo_comfy_fp8_scaled,2025
1143,10.0,1008394,image-text-to-text,2025-07-30 09:55:44+00:00,rednote-hilab/dots.ocr,2025
549,10.0,0,text-to-video,2025-08-04 13:29:49+00:00,lightx2v/Wan2.2-Lightning,2025
471,10.0,653834,text-generation,2025-08-05 11:02:27+00:00,Qwen/Qwen3-4B-Thinking-2507,2025
617,10.0,29861,text-generation,2025-09-03 03:34:36+00:00,moonshotai/Kimi-K2-Instruct-0905,2025
65,10.0,96930,text-ranking,2025-09-18 08:10:25+00:00,jinaai/jina-reranker-v3,2025
133,10.0,79194,text-to-image,2025-10-16 11:32:49+00:00,Phil2Sat/Qwen-Image-Edit-Rapid-AIO-GGUF,2025
63,10.0,49757,image-text-to-text,2025-10-21 18:11:05+00:00,nvidia/NVIDIA-Nemotron-Nano-12B-v2-VL-BF16,2025
350,10.0,2973,text-to-video,2025-10-24 16:04:08+00:00,meituan-longcat/LongCat-Video,2025
67,10.0,11139,image-to-image,2025-11-07 09:50:28+00:00,Alissonerdx/BFS-Best-Face-Swap,2025
28,10.0,0,text-generation,2025-11-14 05:55:46+00:00,lividtm/Qwen-Edit-Loras,2025
48,10.0,4301,text-generation,2025-11-19 17:58:00+00:00,ai-sage/GigaChat3-10B-A1.8B,2025
15,10.0,869,text-generation,2025-11-22 13:30:27+00:00,squ11z1/Hypnos-i1-8B,2025
10,10.0,138,visual-document-retrieval,2025-11-25 13:54:33+00:00,TomoroAI/tomoro-colqwen3-embed-8b,2025
2494,9.0,59779704,fill-mask,2022-03-02 23:29:04+00:00,google-bert/bert-base-uncased,2022
676,9.0,17722754,voice-activity-detection,2023-09-22 12:03:10+00:00,pyannote/segmentation-3.0,2023
1348,9.0,57353,text-to-audio,2024-05-24 05:11:20+00:00,stabilityai/stable-audio-open-1.0,2024
1945,9.0,660593,text-generation,2024-07-14 22:20:15+00:00,meta-llama/Llama-3.1-8B,2024
2580,9.0,418468,text-generation,2024-11-26 16:08:47+00:00,meta-llama/Llama-3.3-70B-Instruct,2024
735,9.0,2601301,text-generation,2025-03-10 12:09:00+00:00,google/gemma-3-1b-it,2025
779,9.0,669643,image-text-to-text,2025-05-19 20:52:44+00:00,google/medgemma-4b-it,2025
270,9.0,784318,text-ranking,2025-05-29 13:30:45+00:00,Qwen/Qwen3-Reranker-0.6B,2025
522,9.0,3533,text-to-speech,2025-05-31 11:57:47+00:00,fishaudio/openaudio-s1-mini,2025
741,9.0,31565,image-to-3d,2025-06-13 16:10:02+00:00,tencent/Hunyuan3D-2.1,2025
102,9.0,105199,video-to-video,2025-06-20 05:05:46+00:00,numz/SeedVR2_comfyUI,2025
33,9.0,0,text-generation,2025-06-23 15:16:27+00:00,Wildminder/AI-windows-whl,2025
530,9.0,549616,text-generation,2025-07-20 03:25:55+00:00,zai-org/GLM-4.5-Air,2025
510,9.0,6071,image-to-video,2025-07-24 07:51:43+00:00,Wan-AI/Wan2.2-I2V-A14B,2025
15,9.0,4608,feature-extraction,2025-08-12 23:31:50+00:00,MongoDB/mdbr-leaf-mt,2025
89,9.0,0,any-to-any,2025-08-22 01:07:06+00:00,lodestones/Chroma1-Radiance,2025
734,9.0,257625,any-to-any,2025-09-20 03:16:00+00:00,Qwen/Qwen3-Omni-30B-A3B-Instruct,2025
987,9.0,54651,text-to-image,2025-09-25 06:28:28+00:00,tencent/HunyuanImage-3.0,2025
272,9.0,383,image-to-video,2025-09-30 02:41:36+00:00,chetwinlow1/Ovi,2025
40,9.0,389,image-to-text,2025-10-21 22:35:59+00:00,nvidia/nemotron-ocr-v1,2025
129,9.0,5816,audio-text-to-text,2025-10-24 17:38:40+00:00,nvidia/audio-flamingo-3-hf,2025
9,9.0,0,text-generation,2025-11-12 09:00:55+00:00,aidealab/AIdeaLab-VideoMoE-7B-A2B,2025
58,9.0,3080,text-generation,2025-11-16 03:54:20+00:00,p-e-w/gpt-oss-20b-heretic,2025
17,9.0,26356,text-generation,2025-11-17 05:52:55+00:00,DavidAU/OpenAi-GPT-oss-20b-HERETIC-uncensored-NEO-Imatrix-gguf,2025
28,9.0,12964,automatic-speech-recognition,2025-11-19 20:38:07+00:00,ai-sage/GigaAM-v3,2025
14,9.0,8713,image-to-video,2025-11-21 14:48:25+00:00,jayn7/HunyuanVideo-1.5_I2V_720p-GGUF,2025
9,9.0,72,text-generation,2025-11-21 23:50:38+00:00,nvidia/DeepSeek-V3.1-NVFP4,2025
14,9.0,5016,image-text-to-text,2025-11-22 08:13:58+00:00,Arunk25/Qwen-Image-Edit-Rapid-AIO-GGUF,2025
9,9.0,34,image-text-to-text,2025-11-27 08:24:19+00:00,ByteDance/Sa2VA-Qwen3-VL-2B,2025
382,8.0,3574391,feature-extraction,2023-09-11 15:04:22+00:00,BAAI/bge-base-en-v1.5,2023
904,8.0,66098030,image-classification,2023-10-13 23:50:01+00:00,Falconsai/nsfw_image_detection,2023
930,8.0,2176414,text-to-image,2024-08-30 09:48:48+00:00,stable-diffusion-v1-5/stable-diffusion-v1-5,2024
1183,8.0,3326381,text-generation,2024-09-18 15:12:47+00:00,meta-llama/Llama-3.2-1B-Instruct,2024
2711,8.0,4454714,automatic-speech-recognition,2024-10-01 07:39:28+00:00,openai/whisper-large-v3-turbo,2024
419,8.0,47772,text-generation,2024-12-10 13:12:37+00:00,DavidAU/Llama-3.2-8X3B-MOE-Dark-Champion-Instruct-uncensored-abliterated-18.4B-GGUF,2024
209,8.0,139753,image-text-to-text,2025-04-18 17:52:36+00:00,nvidia/Cosmos-Reason1-7B,2025
1037,8.0,62067,image-text-to-text,2025-05-19 19:53:11+00:00,ibm-granite/granite-docling-258M,2025
991,8.0,106614,text-generation,2025-05-29 11:07:47+00:00,deepseek-ai/DeepSeek-R1-0528-Qwen3-8B,2025
825,8.0,43669,text-to-image,2025-07-07 10:39:11+00:00,black-forest-labs/FLUX.1-Krea-dev,2025
469,8.0,6142093,image-to-video,2025-07-27 06:56:12+00:00,Comfy-Org/Wan_2.2_ComfyUI_Repackaged,2025
185,8.0,271157,image-to-video,2025-07-28 14:21:18+00:00,QuantStack/Wan2.2-I2V-A14B-GGUF,2025
187,8.0,197550,text-to-video,2025-07-28 15:20:19+00:00,QuantStack/Wan2.2-T2V-A14B-GGUF,2025
264,8.0,1885475,text-generation,2025-08-05 02:44:50+00:00,Comfy-Org/Qwen-Image_ComfyUI,2025
326,8.0,141794,text-generation,2025-08-07 22:20:03+00:00,DavidAU/OpenAi-GPT-oss-20b-abliterated-uncensored-NEO-Imatrix-gguf,2025
231,8.0,681220,text-generation,2025-08-19 02:18:21+00:00,Comfy-Org/Qwen-Image-Edit_ComfyUI,2025
244,8.0,256201,text-generation,2025-08-25 15:09:48+00:00,facebook/cwm,2025
8,8.0,146,text-generation,2025-10-30 16:30:56+00:00,Salesforce/xRouter,2025
48,8.0,104198,tabular-classification,2025-11-03 10:09:58+00:00,Prior-Labs/tabpfn_2_5,2025
13,8.0,538,image-text-to-text,2025-11-10 09:33:24+00:00,prithivMLmods/Qwen3-VL-8B-Instruct-abliterated-v2,2025
25,8.0,71,text-generation,2025-11-18 14:20:27+00:00,nex-agi/DeepSeek-V3.1-Nex-N1,2025
78,8.0,1267,text-generation,2025-11-19 17:59:03+00:00,ai-sage/GigaChat3-702B-A36B-preview,2025
8,8.0,17428,image-to-image,2025-11-25 16:20:26+00:00,silveroxides/FLUX.2-dev-fp8_scaled,2025
8,8.0,231,text-generation,2025-11-25 17:12:54+00:00,Disty0/FLUX.2-dev-SDNQ-uint4-svd-r32,2025
8,8.0,744,text-generation,2025-11-26 07:11:37+00:00,OpenMOSE/Qwen3-VL-REAP-24B-A3B-GGUF,2025
8,8.0,0,text-generation,2025-11-26 20:15:18+00:00,silveroxides/Z-Image-Turbo-SingleFile,2025
3040,7.0,9547933,text-generation,2022-03-02 23:29:04+00:00,openai-community/gpt2,2022
1911,7.0,8956090,zero-shot-image-classification,2022-03-02 23:29:05+00:00,openai/clip-vit-large-patch14,2022
1203,7.0,916956,automatic-speech-recognition,2022-03-02 23:29:05+00:00,pyannote/speaker-diarization,2022
802,7.0,283277,translation,2022-07-08 09:43:57+00:00,facebook/nllb-200-distilled-600M,2022
2209,7.0,542361,text-generation,2023-07-13 16:16:13+00:00,meta-llama/Llama-2-7b-hf,2023
4612,7.0,382528,text-generation,2023-12-10 18:47:12+00:00,mistralai/Mixtral-8x7B-Instruct-v0.1,2023
3025,7.0,3653655,text-generation,2023-12-11 13:18:44+00:00,mistralai/Mistral-7B-Instruct-v0.2,2023
1893,7.0,181032,image-segmentation,2023-12-12 19:52:35+00:00,briaai/RMBG-1.4,2023
739,7.0,1933562,sentence-similarity,2024-02-10 06:32:35+00:00,nomic-ai/nomic-embed-text-v1.5,2024
4305,7.0,1123388,text-generation,2024-04-17 09:35:12+00:00,meta-llama/Meta-Llama-3-8B-Instruct,2024
19,7.0,0,automatic-speech-recognition,2025-03-02 09:30:46+00:00,Tenofas/ComfyUI,2025
178,7.0,0,automatic-speech-recognition,2025-04-09 00:10:46+00:00,facebook/UMA,2025
102,7.0,245646,automatic-speech-recognition,2025-04-15 21:31:35+00:00,pyannote/speaker-diarization-community-1,2025
14,7.0,0,text-to-audio,2025-05-10 04:51:14+00:00,QwQZh/gated_attention,2025
268,7.0,658,text-to-audio,2025-06-04 03:03:04+00:00,tencent/SongGeneration,2025
522,7.0,105835,automatic-speech-recognition,2025-06-19 17:41:13+00:00,mistralai/Mistral-Small-3.2-24B-Instruct-2506,2025
305,7.0,12436,automatic-speech-recognition,2025-06-26 16:05:40+00:00,nvidia/canary-qwen-2.5b,2025
2267,7.0,171145,text-generation,2025-07-11 00:55:12+00:00,moonshotai/Kimi-K2-Instruct,2025
728,7.0,116752,text-generation,2025-07-21 06:46:56+00:00,Qwen/Qwen3-235B-A22B-Instruct-2507,2025
675,7.0,646692,text-generation,2025-07-28 07:31:27+00:00,Qwen/Qwen3-30B-A3B-Instruct-2507,2025
129,7.0,22440,text-generation,2025-07-31 10:32:57+00:00,unsloth/Qwen3-Coder-30B-A3B-Instruct-1M-GGUF,2025
296,7.0,13996,text-to-image,2025-08-08 10:23:39+00:00,lodestones/Chroma1-HD,2025
138,7.0,18546,text-generation,2025-08-21 01:31:50+00:00,nvidia/NVIDIA-Nemotron-Nano-12B-v2,2025
274,7.0,8196,text-generation,2025-09-12 09:45:10+00:00,mistralai/Magistral-Small-2509,2025
33,7.0,18790,text-generation,2025-09-12 19:24:57+00:00,allenai/Olmo-3-1025-7B,2025
57,7.0,6239,image-text-to-text,2025-09-16 10:20:38+00:00,lmms-lab/LLaVA-OneVision-1.5-8B-Instruct,2025
285,7.0,1384893,image-text-to-text,2025-09-17 02:42:29+00:00,opendatalab/MinerU2.5-2509-1.2B,2025
134,7.0,26349,video-to-video,2025-09-19 14:53:08+00:00,QuantStack/Wan2.2-Animate-14B-GGUF,2025
322,7.0,74534,image-text-to-text,2025-09-22 03:54:32+00:00,Qwen/Qwen3-VL-235B-A22B-Instruct,2025
332,7.0,6314,image-text-to-text,2025-09-22 03:54:48+00:00,Qwen/Qwen3-VL-235B-A22B-Thinking,2025
150,7.0,238127,image-to-text,2025-10-06 22:03:48+00:00,allenai/olmOCR-2-7B-1025-FP8,2025
85,7.0,62362,feature-extraction,2025-10-07 17:05:15+00:00,nvidia/llama-embed-nemotron-8b,2025
219,7.0,1770,text-to-speech,2025-10-27 05:49:12+00:00,Soul-AILab/SoulX-Podcast-1.7B,2025
40,7.0,23042,sentence-similarity,2025-11-04 07:10:48+00:00,tencent/KaLM-Embedding-Gemma3-12B-2511,2025
18,7.0,1152,text-generation,2025-11-05 04:32:16+00:00,protonx-models/protonx-legal-tc,2025
7,7.0,187,text-generation,2025-11-06 17:36:39+00:00,nvidia/Nemotron-Flash-1B,2025
27,7.0,335,any-to-any,2025-11-07 12:02:02+00:00,HIT-TMG/Uni-MoE-2.0-Omni,2025
7,7.0,136,text-generation,2025-11-14 21:23:32+00:00,perplexity-ai/browsesafe,2025
9,7.0,286,image-text-to-text,2025-11-15 19:47:33+00:00,nvidia/NVIDIA-Nemotron-Parse-v1.1-TC,2025
12,7.0,0,text-to-speech,2025-11-18 22:25:12+00:00,Video-Customization/FFGO-Lora-Adapter,2025
8,7.0,2505,text-to-speech,2025-11-18 23:23:48+00:00,onnx-community/Supertonic-TTS-ONNX,2025
11,7.0,62,text-generation,2025-11-19 03:31:47+00:00,Zyphra/ZAYA1-reasoning-base,2025
7,7.0,37,time-series-forecasting,2025-11-19 20:09:57+00:00,cisco-ai/cisco-time-series-model-1.0-preview,2025
32,7.0,13588,image-to-video,2025-11-21 03:25:52+00:00,lightx2v/Hy1.5-Quantized-Models,2025
9,7.0,307,text-to-image,2025-11-22 23:09:58+00:00,00quebec/iPhone_realism,2025
8,7.0,371,text-generation,2025-11-24 09:38:27+00:00,ArliAI/GLM-4.5-Air-Derestricted-FP8,2025
7,7.0,1965,image-text-to-text,2025-11-26 17:21:36+00:00,SerialKicked/Qwen3-VL-32B-Thinking-heretic-GGUF,2025
7,7.0,1917,text-generation,2025-11-27 15:50:30+00:00,gghfez/gpt-oss-20b-Derestricted-Q4_K_M-GGUF,2025
7,7.0,1081,image-text-to-text,2025-11-28 14:03:44+00:00,prithivMLmods/Qwen3-VisionCaption-2B-GGUF,2025
7,7.0,0,text-generation,2025-11-29 08:32:22+00:00,mradermacher/gpt-oss-120b-Derestricted-GGUF,2025
7,7.0,0,text-generation,2025-12-01 18:25:42+00:00,arcee-ai/Trinity-Mini-Base,2025
7,7.0,0,text-generation,2025-12-01 18:28:08+00:00,arcee-ai/Trinity-Nano-Base,2025
1032,6.0,2439806,text-classification,2022-03-02 23:29:04+00:00,ProsusAI/finbert,2022
273,6.0,146682,zero-shot-classification,2022-03-02 23:29:05+00:00,joeddav/xlm-roberta-large-xnli,2022
1200,6.0,0,automatic-speech-recognition,2023-03-22 08:01:21+00:00,ggerganov/whisper.cpp,2023
3194,6.0,210562,image-to-video,2023-11-20 23:45:55+00:00,stabilityai/stable-video-diffusion-img2vid-xt,2023
1463,6.0,1847120,text-generation,2023-12-30 06:27:30+00:00,TinyLlama/TinyLlama-1.1B-Chat-v1.0,2023
290,6.0,10679,object-detection,2024-01-31 14:39:19+00:00,Ultralytics/YOLOv8,2024
6393,6.0,2026820,text-generation,2024-04-17 09:35:16+00:00,meta-llama/Meta-Llama-3-8B,2024
4875,6.0,10927,text-to-image,2024-05-30 07:38:13+00:00,stabilityai/stable-diffusion-3-medium,2024
1213,6.0,0,text-generation,2024-08-01 14:07:39+00:00,comfyanonymous/flux_text_encoders,2024
337,6.0,7205669,text-generation,2024-09-17 14:08:52+00:00,Qwen/Qwen2.5-3B-Instruct,2024
1271,6.0,96360,any-to-any,2025-01-12 07:40:10+00:00,openbmb/MiniCPM-o-2_6,2025
1400,6.0,1095857,text-generation,2025-01-20 09:04:18+00:00,deepseek-ai/DeepSeek-R1-Distill-Qwen-1.5B,2025
216,6.0,7313,image-text-to-text,2025-03-12 20:43:28+00:00,google/gemma-3-4b-it-qat-q4_0-gguf,2025
646,6.0,23927,text-to-speech,2025-03-17 04:17:34+00:00,canopylabs/orpheus-3b-0.1-ft,2025
438,6.0,163290,image-text-to-text,2025-04-16 09:40:50+00:00,ByteDance-Seed/UI-TARS-1.5-7B,2025
336,6.0,1781186,text-generation,2025-04-27 03:41:05+00:00,Qwen/Qwen3-1.7B,2025
55,6.0,10073,text-generation,2025-04-28 14:55:00+00:00,TEN-framework/TEN_Turn_Detection,2025
81,6.0,64497,text-generation,2025-05-03 06:33:59+00:00,Qwen/Qwen3-8B-GGUF,2025
42,6.0,14160,text-generation,2025-05-05 08:48:20+00:00,Qwen/Qwen3-4B-GGUF,2025
209,6.0,10964,text-generation,2025-06-06 22:25:42+00:00,google/gemma-3n-E4B-it-litert-lm,2025
57,6.0,22477,tabular-classification,2025-06-12 14:02:42+00:00,SAP/sap-rpt-1-oss,2025
39,6.0,4537,text-generation,2025-07-20 03:24:43+00:00,zai-org/GLM-4.5-Air-Base,2025
476,6.0,119815,text-generation,2025-07-30 18:06:27+00:00,google/gemma-3-270m-it,2025
446,6.0,81912,text-generation,2025-08-12 22:43:32+00:00,nvidia/NVIDIA-Nemotron-Nano-9B-v2,2025
353,6.0,9742,text-generation,2025-08-25 17:04:42+00:00,apple/FastVLM-0.5B,2025
34,6.0,1305,token-classification,2025-08-29 17:49:17+00:00,nvidia/gliner-PII,2025
6,6.0,7326,text-generation,2025-09-09 19:41:17+00:00,bartowski/Qwen_Qwen3-Next-80B-A3B-Instruct-GGUF,2025
484,6.0,16799,image-text-to-text,2025-09-11 19:48:53+00:00,moondream/moondream3-preview,2025
767,6.0,2430,text-to-speech,2025-09-16 06:56:48+00:00,openbmb/VoxCPM-0.5B,2025
137,6.0,60121,text-generation,2025-09-30 21:59:12+00:00,unsloth/GLM-4.6-GGUF,2025
245,6.0,743044,image-text-to-text,2025-10-11 07:23:22+00:00,Qwen/Qwen3-VL-4B-Instruct,2025
431,6.0,15007,image-to-3d,2025-10-16 07:10:22+00:00,tencent/HunyuanWorld-Mirror,2025
105,6.0,1063515,image-to-video,2025-10-16 07:23:10+00:00,lightx2v/Wan2.2-Distill-Loras,2025
74,6.0,6566,text-generation,2025-10-17 09:15:30+00:00,RUC-DataLab/DeepAnalyze-8B,2025
182,6.0,20720,image-to-image,2025-10-23 02:57:31+00:00,dx8152/Qwen-Image-Edit-2509-Relight,2025
114,6.0,4767,image-to-image,2025-10-24 15:00:21+00:00,dx8152/Qwen-Image-Edit-2509-White_to_Scene,2025
131,6.0,16266,image-to-image,2025-11-03 11:25:34+00:00,tlennon-ie/qwen-edit-skin,2025
17,6.0,429,text-generation,2025-11-09 21:29:41+00:00,zerofata/MS3.2-PaintedFantasy-v3-24B,2025
77,6.0,4094,image-to-image,2025-11-12 16:05:04+00:00,lrzjason/QwenEdit-Anything2Real_Alpha,2025
25,6.0,719,text-ranking,2025-11-19 05:19:06+00:00,zeroentropy/zerank-2,2025
15,6.0,107,video-text-to-text,2025-11-19 14:03:59+00:00,Kwai-Keye/Keye-VL-671B-A37B,2025
9,6.0,0,image-text-to-text,2025-11-20 14:45:20+00:00,Alibaba-DAMO-Academy/RynnVLA-002,2025
10,6.0,3841,image-text-to-text,2025-11-21 10:26:36+00:00,Jackrong/GPT-5-Distill-Qwen3-4B-Instruct-GGUF,2025
7,6.0,147,image-text-to-text,2025-11-21 11:27:43+00:00,internlm/Spatial-SSRL-Qwen3VL-4B,2025
6,6.0,0,visual-document-retrieval,2025-11-22 09:04:19+00:00,Yuanshi/ViBT,2025
6,6.0,270,visual-document-retrieval,2025-11-25 13:46:14+00:00,TomoroAI/tomoro-colqwen3-embed-4b,2025
6,6.0,34,feature-extraction,2025-11-26 11:40:41+00:00,brain-bzh/reve-base,2025
6,6.0,121,image-text-to-text,2025-11-26 21:34:51+00:00,InternRobotics/G2VLM-2B-MoT,2025
6,6.0,213,image-to-image,2025-11-28 02:05:26+00:00,valiantcat/Qwen-Image-Edit-2509-Upscale2K,2025
6,6.0,218,translation,2025-11-28 09:49:31+00:00,pnnbao-ump/MedCrab-1.5B,2025
6,6.0,238,reinforcement-learning,2025-11-28 17:34:28+00:00,AXONVERTEX-AI-RESEARCH/Orchestrator-8B-Q8_0-GGUF,2025
6,6.0,116,text-ranking,2025-11-30 23:29:38+00:00,Lockout/qwen3-4b-heretic-zimage,2025
171,5.0,7014143,text-ranking,2022-03-02 23:29:05+00:00,cross-encoder/ms-marco-MiniLM-L6-v2,2022
1505,5.0,5337408,summarization,2022-03-02 23:29:05+00:00,facebook/bart-large-cnn,2022
1067,5.0,14894115,sentence-similarity,2022-03-02 23:29:05+00:00,sentence-transformers/paraphrase-multilingual-MiniLM-L12-v2,2022
141,5.0,380329,audio-classification,2022-04-06 12:40:02+00:00,audeering/wav2vec2-large-robust-12-ft-emotion-msp-dim,2022
1144,5.0,0,text-generation,2023-01-12 16:12:13+00:00,lj1995/VoiceConversionWebUI,2023
3955,5.0,0,text-generation,2023-04-12 22:41:03+00:00,lllyasviel/ControlNet-v1-1,2023
493,5.0,1759,text-generation,2023-05-04 20:31:51+00:00,QuixiAI/WizardLM-7B-Uncensored,2023
496,5.0,10982,text-to-audio,2023-06-08 17:51:00+00:00,facebook/musicgen-large,2023
1092,5.0,3141300,feature-extraction,2023-06-30 07:38:19+00:00,intfloat/multilingual-e5-large,2023
928,5.0,0,text-to-image,2023-07-18 09:19:49+00:00,guoyww/animatediff,2023
1256,5.0,0,text-to-image,2023-08-16 04:15:47+00:00,h94/IP-Adapter,2023
4015,5.0,419268,text-generation,2023-09-20 13:03:50+00:00,mistralai/Mistral-7B-v0.1,2023
517,5.0,477847,image-text-to-text,2023-10-05 18:25:51+00:00,liuhaotian/llava-v1.5-7b,2023
1000,5.0,577125,image-to-video,2023-11-20 16:19:00+00:00,stabilityai/stable-video-diffusion-img2vid,2023
269,5.0,16207,image-feature-extraction,2024-03-19 15:13:58+00:00,MahmoodLab/UNI,2024
150,5.0,9203,text-to-image,2024-04-14 08:25:02+00:00,UnfilteredAI/NSFW-GEN-ANIME,2024
1339,5.0,1376338,text-generation,2024-04-22 16:18:17+00:00,microsoft/Phi-3-mini-4k-instruct,2024
545,5.0,37899,text-generation,2024-04-22 17:02:08+00:00,microsoft/Phi-3-mini-4k-instruct-gguf,2024
318,5.0,318224,image-text-to-text,2024-06-15 00:57:24+00:00,microsoft/Florence-2-base,2024
329,5.0,530625,text-ranking,2024-06-19 09:37:19+00:00,jinaai/jina-reranker-v2-base-multilingual,2024
72,5.0,56619,text-generation,2024-09-17 13:58:05+00:00,Qwen/Qwen2.5-3B-Instruct-GGUF,2024
121,5.0,118945,mask-generation,2024-09-24 01:00:03+00:00,facebook/sam2.1-hiera-large,2024
864,5.0,146742,text-to-image,2024-10-29 10:27:32+00:00,stabilityai/stable-diffusion-3.5-medium,2024
23,5.0,0,text-to-speech,2024-10-30 01:01:41+00:00,ashllay/YOLO_Models,2024
650,5.0,1824,text-to-speech,2024-11-24 04:27:15+00:00,fishaudio/fish-speech-1.5,2024
73,5.0,46113,image-feature-extraction,2025-01-10 07:29:13+00:00,MahmoodLab/UNI2-h,2025
831,5.0,806892,text-generation,2025-01-20 09:09:42+00:00,deepseek-ai/DeepSeek-R1-Distill-Llama-8B,2025
564,5.0,8593525,image-text-to-text,2025-01-26 09:25:35+00:00,Qwen/Qwen2.5-VL-3B-Instruct,2025
580,5.0,1448732,image-text-to-text,2025-03-01 19:11:34+00:00,google/gemma-3-12b-it,2025
430,5.0,23132,text-to-image,2025-04-14 08:19:42+00:00,Shakker-Labs/FLUX.1-dev-ControlNet-Union-Pro-2.0,2025
1372,5.0,2250778,automatic-speech-recognition,2025-04-15 19:31:12+00:00,nvidia/parakeet-tdt-0.6b-v2,2025
636,5.0,0,text-to-audio,2025-04-28 07:45:32+00:00,ACE-Step/ACE-Step-v1-3.5B,2025
424,5.0,62877,visual-document-retrieval,2025-05-07 12:19:26+00:00,jinaai/jina-embeddings-v4,2025
107,5.0,79528,image-text-to-text,2025-05-11 13:03:32+00:00,unsloth/Qwen2.5-VL-7B-Instruct-GGUF,2025
95,5.0,0,image-to-image,2025-05-12 01:50:42+00:00,Kim2091/UltraSharpV2,2025
14,5.0,124197,audio-classification,2025-05-31 10:39:16+00:00,prithivMLmods/Common-Voice-Gender-Detection,2025
14,5.0,33418,text-to-image,2025-06-13 20:34:50+00:00,Manojb/stable-diffusion-2-1-base,2025
136,5.0,34741,image-text-to-text,2025-06-20 22:27:21+00:00,unsloth/Mistral-Small-3.2-24B-Instruct-2506-GGUF,2025
178,5.0,28546,image-text-to-text,2025-06-26 12:24:35+00:00,unsloth/gemma-3n-E4B-it-GGUF,2025
322,5.0,485797,text-generation,2025-07-29 11:05:11+00:00,Qwen/Qwen3-30B-A3B-Thinking-2507,2025
489,5.0,215675,text-generation,2025-08-05 17:12:17+00:00,unsloth/gpt-oss-20b-GGUF,2025
116,5.0,195712,text-generation,2025-08-10 06:40:13+00:00,baichuan-inc/Baichuan-M2-32B,2025
24,5.0,0,text-generation,2025-08-19 04:42:21+00:00,ussoewwin/Flash-Attention-2_for_Windows,2025
451,5.0,196288,text-generation,2025-09-09 15:45:31+00:00,Qwen/Qwen3-Next-80B-A3B-Thinking,2025
5,5.0,12018,text-generation,2025-09-09 19:41:34+00:00,bartowski/Qwen_Qwen3-Next-80B-A3B-Thinking-GGUF,2025
50,5.0,0,image-to-image,2025-09-21 09:07:31+00:00,malcolmrey/wan,2025
272,5.0,143274,image-to-image,2025-09-22 20:53:25+00:00,QuantStack/Qwen-Image-Edit-2509-GGUF,2025
443,5.0,4681,image-text-to-text,2025-09-24 00:40:54+00:00,ServiceNow-AI/Apriel-1.5-15b-Thinker,2025
64,5.0,2771,text-to-audio,2025-10-01 00:16:52+00:00,FabioSarracino/VibeVoice-Large-Q8,2025
88,5.0,196326,image-text-to-text,2025-10-01 14:49:16+00:00,Qwen/Qwen3-VL-30B-A3B-Instruct-FP8,2025
256,5.0,15884,text-generation,2025-10-07 13:55:39+00:00,LiquidAI/LFM2-8B-A1B,2025
28,5.0,1745,image-text-to-text,2025-10-17 03:33:03+00:00,ByteDance/Dolphin-1.5,2025
92,5.0,11133,text-generation,2025-10-17 11:01:58+00:00,lightx2v/Autoencoders,2025
14,5.0,20,text-generation,2025-10-22 17:08:32+00:00,PRIME-RL/P1-235B-A22B,2025
5,5.0,0,image-text-to-text,2025-10-25 16:08:00+00:00,openbmb/InfLLM-V2-Short-Dense-Base,2025
18,5.0,417,image-text-to-text,2025-10-26 12:08:15+00:00,prithivMLmods/Qwen3-VL-8B-Abliterated-Caption-it,2025
37,5.0,0,text-generation,2025-10-29 17:30:29+00:00,facebook/sam-3d-body-vith,2025
60,5.0,954,text-generation,2025-10-30 12:39:14+00:00,moonshotai/Kimi-Linear-48B-A3B-Base,2025
25,5.0,100442,image-text-to-text,2025-11-04 20:06:24+00:00,NexaAI/DeepSeek-OCR-GGUF,2025
14,5.0,5456,image-text-to-text,2025-11-05 18:43:23+00:00,grimjim/gemma-3-12b-it-norm-preserved-biprojected-abliterated,2025
96,5.0,4095,image-to-image,2025-11-07 22:57:05+00:00,autoweeb/Qwen-Image-Edit-2509-Photo-to-Anime,2025
15,5.0,16724,image-to-video,2025-11-10 13:17:25+00:00,mradermacher/Qwen3-VL-8B-Instruct-abliterated-v2.0-GGUF,2025
59,5.0,954,image-to-video,2025-11-12 16:51:10+00:00,AmirKerr/ThisPerson,2025
52,5.0,1797,text-generation,2025-11-13 02:53:14+00:00,miromind-ai/MiroThinker-v1.0-30B,2025
9,5.0,382,text-to-speech,2025-11-15 09:42:36+00:00,nari-labs/Dia2-1B,2025
13,5.0,44580,image-to-image,2025-11-17 07:13:42+00:00,nex-agi/Qwen3-32B-Nex-N1,2025
33,5.0,204,image-to-image,2025-11-18 17:16:10+00:00,tarn59/book_flatten_and_crop_qwen_image_edit_2509,2025
14,5.0,546,image-text-to-text,2025-11-19 11:30:14+00:00,OpenMMReasoner/OpenMMReasoner-RL,2025
9,5.0,3566,text-to-image,2025-11-20 08:31:09+00:00,TeichAI/Qwen3-8B-Gemini-3-Pro-Preview-Distill-GGUF,2025
8,5.0,488,text-to-image,2025-11-20 17:20:47+00:00,easygoing0114/Qwen-Image-Edit-2509_clear,2025
6,5.0,6883,text-to-video,2025-11-21 15:23:53+00:00,jayn7/HunyuanVideo-1.5_T2V_480p-GGUF,2025
11,5.0,7848,text-generation,2025-11-21 18:52:59+00:00,bartowski/ai-sage_GigaChat3-10B-A1.8B-GGUF,2025
8,5.0,66,text-generation,2025-11-21 21:30:11+00:00,facebook/MobileLLM-R1.5-950M,2025
5,5.0,0,text-generation,2025-11-22 10:54:47+00:00,Misha24-10/test_model_f5tts_v3,2025
6,5.0,56,text-generation,2025-11-24 09:38:50+00:00,ArliAI/GLM-4.5-Air-Derestricted-W8A8-INT8,2025
5,5.0,21,image-text-to-text,2025-11-25 02:34:01+00:00,SciMaker/CrystalMind,2025
5,5.0,10,image-text-to-text,2025-11-25 15:26:54+00:00,facebook/crv-8b-instruct-transcoders,2025
5,5.0,377,image-text-to-text,2025-11-26 00:59:53+00:00,huihui-ai/Huihui-Fara-7B-abliterated,2025
5,5.0,62,robotics,2025-11-27 03:33:06+00:00,open-gigaai/GigaBrain-0-3.5B-Base,2025
5,5.0,112,text-to-image,2025-11-27 14:06:10+00:00,ianlebot/Wireframe_to_Texture,2025
5,5.0,0,automatic-speech-recognition,2025-11-27 21:59:23+00:00,facebook/omniASR-W2V-300M,2025
5,5.0,0,automatic-speech-recognition,2025-11-27 22:02:51+00:00,facebook/omniASR-W2V-1B,2025
5,5.0,2333,text-to-image,2025-11-28 04:17:07+00:00,vantagewithai/Z-Image-Turbo-GGUF,2025
5,5.0,13,text-generation,2025-11-28 10:51:00+00:00,ArliAI/GLM-4.6-REAP-218B-A32B-Derestricted,2025
5,5.0,34,text-generation,2025-11-28 13:55:42+00:00,unsloth/Qwen3-Next-80B-A3B-Thinking,2025
5,5.0,131,sentence-similarity,2025-11-30 10:32:37+00:00,amanrajput/MiniLM-L6-v2-biology-finetuned,2025
5,5.0,0,fill-mask,2025-12-01 20:06:54+00:00,arcee-ai/Trinity-Nano-Preview-GGUF,2025
798,4.0,12398630,fill-mask,2022-03-02 23:29:04+00:00,distilbert/distilbert-base-uncased,2022
508,4.0,2223467,translation,2022-03-02 23:29:04+00:00,google-t5/t5-small,2022
383,4.0,2037808,image-feature-extraction,2022-03-02 23:29:05+00:00,google/vit-base-patch16-224-in21k,2022
900,4.0,3668580,image-classification,2022-03-02 23:29:05+00:00,google/vit-base-patch16-224,2022
135,4.0,284519,sentence-similarity,2022-03-02 23:29:05+00:00,jhgan/ko-sroberta-multitask,2022
466,4.0,101417,image-to-text,2022-03-02 23:29:05+00:00,microsoft/trocr-base-handwritten,2022
813,4.0,18665907,zero-shot-image-classification,2022-03-02 23:29:05+00:00,openai/clip-vit-base-patch32,2022
242,4.0,17217,text-generation,2022-03-02 23:29:05+00:00,uer/gpt2-chinese-cluecorpussmall,2022
238,4.0,43240,image-to-text,2022-07-19 13:49:17+00:00,naver-clova-ix/donut-base,2022
2826,4.0,3,text-to-image,2022-08-20 08:42:51+00:00,CompVis/stable-diffusion-v-1-4-original,2022
424,4.0,809418,zero-shot-image-classification,2022-09-14 22:52:28+00:00,laion/CLIP-ViT-H-14-laion2B-s32B-b79K,2022
488,4.0,3867756,automatic-speech-recognition,2022-09-26 06:51:27+00:00,openai/whisper-small,2022
654,4.0,0,text-to-speech,2023-02-04 23:07:46+00:00,uwg/upscaler,2023
1470,4.0,18752,text-to-speech,2023-04-25 14:44:46+00:00,suno/bark,2023
636,4.0,13406719,text-to-audio,2023-04-26 00:58:45+00:00,Bingsu/adetailer,2023
149,4.0,1336062,text-to-audio,2023-06-08 17:28:18+00:00,facebook/musicgen-medium,2023
4429,4.0,451,text-generation,2023-07-09 07:34:35+00:00,meta-llama/Llama-2-7b,2023
2000,4.0,483575,image-to-image,2023-07-26 07:38:01+00:00,stabilityai/stable-diffusion-xl-refiner-1.0,2023
207,4.0,105815,text-generation,2023-09-05 03:10:48+00:00,TheBloke/MythoMax-L2-13B-GGUF,2023
1814,4.0,389241,text-generation,2023-09-27 14:31:52+00:00,mistralai/Mistral-7B-Instruct-v0.1,2023
1786,4.0,208126,text-to-image,2023-12-20 03:15:30+00:00,h94/IP-Adapter-FaceID,2023
114,4.0,53576,object-detection,2024-02-07 10:24:20+00:00,Anzhc/Anzhcs_YOLOs,2024
243,4.0,11135,text-generation,2024-05-27 19:33:23+00:00,mlabonne/NeuralDaredevil-8B-abliterated,2024
261,4.0,7374,image-text-to-text,2024-06-03 15:56:09+00:00,EvolutionaryScale/esm3-sm-open-v1,2024
1712,4.0,789660,image-text-to-text,2024-06-15 00:34:55+00:00,microsoft/Florence-2-large,2024
323,4.0,545,text-generation,2024-07-03 03:56:49+00:00,FunAudioLLM/SenseVoiceSmall,2024
1230,4.0,635932,text-generation,2024-07-16 10:51:39+00:00,google/gemma-2-2b-it,2024
870,4.0,695277,text-generation,2024-07-16 16:07:46+00:00,meta-llama/Llama-3.1-70B-Instruct,2024
1629,4.0,184950,text-generation,2024-07-17 17:26:49+00:00,mistralai/Mistral-Nemo-Instruct-2407,2024
248,4.0,50974,text-generation,2024-07-22 08:10:45+00:00,meta-llama/Llama-Guard-3-8B,2024
280,4.0,86322,text-generation,2024-07-23 15:36:34+00:00,bartowski/Meta-Llama-3.1-8B-Instruct-GGUF,2024
932,4.0,57960,text-to-image,2024-08-01 19:40:38+00:00,Kijai/flux-fp8,2024
1244,4.0,70240,text-to-image,2024-08-15 02:27:07+00:00,city96/FLUX.1-dev-gguf,2024
1105,4.0,4918812,feature-extraction,2024-09-05 11:56:46+00:00,jinaai/jina-embeddings-v3,2024
566,4.0,490315,text-generation,2024-09-17 13:38:49+00:00,Qwen/Qwen2.5-Coder-7B-Instruct,2024
661,4.0,412400,text-generation,2024-09-18 15:23:48+00:00,meta-llama/Llama-3.2-3B,2024
25,4.0,20416,text-generation,2024-09-25 15:01:51+00:00,hugging-quants/Llama-3.2-3B-Instruct-Q4_K_M-GGUF,2024
51,4.0,1807,text-generation,2024-10-20 15:43:33+00:00,QuantFactory/Llama-3-8B-Instruct-Finance-RAG-GGUF,2024
4,4.0,103,text-generation,2024-11-28 19:31:19+00:00,QuixiAI/Ina-v11.1,2024
2084,4.0,1001,text-to-video,2024-12-01 06:00:34+00:00,tencent/HunyuanVideo,2024
959,4.0,748921,fill-mask,2024-12-11 11:38:06+00:00,answerdotai/ModernBERT-base,2024
211,4.0,7767,image-text-to-text,2024-12-29 18:37:00+00:00,dphn/Dolphin3.0-Llama3.1-8B,2024
306,4.0,405185,image-text-to-text,2025-01-17 15:40:24+00:00,HuggingFaceTB/SmolVLM-256M-Instruct,2025
1673,4.0,82689,image-to-3d,2025-01-20 06:55:37+00:00,tencent/Hunyuan3D-2,2025
759,4.0,482677,text-generation,2025-01-20 09:16:14+00:00,deepseek-ai/DeepSeek-R1-Distill-Qwen-7B,2025
1473,4.0,1891232,text-generation,2025-01-20 09:19:00+00:00,deepseek-ai/DeepSeek-R1-Distill-Qwen-32B,2025
567,4.0,214545,image-text-to-text,2025-01-27 04:12:04+00:00,Qwen/Qwen2.5-VL-72B-Instruct,2025
506,4.0,0,text-generation,2025-02-10 17:02:18+00:00,agents-course/notebooks,2025
635,4.0,315853,text-generation,2025-02-19 01:00:58+00:00,microsoft/Phi-4-mini-instruct,2025
125,4.0,59026,image-text-to-text,2025-02-20 21:19:40+00:00,google/gemma-3-4b-pt,2025
1541,4.0,398517,automatic-speech-recognition,2025-02-24 22:33:32+00:00,microsoft/Phi-4-multimodal-instruct,2025
214,4.0,90924,image-text-to-text,2025-03-12 12:32:41+00:00,google/gemma-3-12b-it-qat-q4_0-gguf,2025
143,4.0,73666,automatic-speech-recognition,2025-04-14 15:43:11+00:00,ibm-granite/granite-speech-3.3-8b,2025
34,4.0,1700,voice-activity-detection,2025-04-15 07:58:50+00:00,BUT-FIT/diarizen-wavlm-large-s80-md,2025
62,4.0,1966,text-to-image,2025-04-18 07:14:03+00:00,SG161222/SPARK.Chroma_preview,2025
370,4.0,754,text-to-speech,2025-04-25 08:05:10+00:00,moonshotai/Kimi-Audio-7B-Instruct,2025
821,4.0,359398,text-generation,2025-04-27 03:43:05+00:00,Qwen/Qwen3-30B-A3B,2025
91,4.0,38050,text-generation,2025-04-28 10:24:13+00:00,unsloth/Qwen3-0.6B-GGUF,2025
179,4.0,891,text-generation,2025-04-29 19:15:21+00:00,Goekdeniz-Guelmez/Josiefied-Qwen3-8B-abliterated-v1,2025
21,4.0,522,text-generation,2025-04-30 09:30:08+00:00,huihui-ai/Qwen3-4B-abliterated,2025
237,4.0,0,text-to-image,2025-05-05 14:10:34+00:00,Heartsync/Flux-NSFW-uncensored,2025
193,4.0,2099,text-generation,2025-05-12 16:03:13+00:00,Intelligent-Internet/II-Medical-8B,2025
227,4.0,2987,text-generation,2025-05-30 18:16:23+00:00,katanemo/Arch-Router-1.5B,2025
109,4.0,6366,image-text-to-text,2025-06-03 18:16:53+00:00,google/gemma-3n-E4B,2025
100,4.0,0,automatic-speech-recognition,2025-06-17 10:29:17+00:00,kyutai/stt-1b-en_fr,2025
41,4.0,202,reinforcement-learning,2025-06-27 06:03:20+00:00,nvidia/Audio2Face-3D-v3.0,2025
65,4.0,208,reinforcement-learning,2025-07-04 17:14:46+00:00,Adilbai/stock-trading-rl-agent,2025
451,4.0,3380,text-to-video,2025-07-18 09:35:44+00:00,Wan-AI/Wan2.2-TI2V-5B,2025
26,4.0,212427,text-generation,2025-07-29 04:48:24+00:00,cpatonn/GLM-4.5-Air-AWQ-4bit,2025
111,4.0,365215,text-generation,2025-07-31 08:14:11+00:00,Qwen/Qwen3-Coder-30B-A3B-Instruct-FP8,2025
336,4.0,159381,text-generation,2025-07-31 10:27:38+00:00,unsloth/Qwen3-Coder-30B-A3B-Instruct-GGUF,2025
121,4.0,40912,text-generation,2025-08-05 01:04:25+00:00,unsloth/GLM-4.5-Air-GGUF,2025
919,4.0,74235,text-generation,2025-08-05 18:50:31+00:00,google/gemma-3-270m,2025
43,4.0,118584,text-to-image,2025-08-06 09:08:01+00:00,duongve/NetaYume-Lumina-Image-2.0,2025
57,4.0,2135,text-generation,2025-08-09 01:43:56+00:00,dousery/medical-reasoning-gpt-oss-20b,2025
133,4.0,942,text-to-image,2025-08-13 17:57:33+00:00,KBlueLeaf/HDM-xut-340M-anime,2025
234,4.0,64553,text-to-image,2025-08-14 08:19:05+00:00,nunchaku-tech/nunchaku-qwen-image,2025
38,4.0,16284,text-generation,2025-08-18 17:50:05+00:00,nvidia/gpt-oss-120b-Eagle3,2025
993,4.0,3415,image-to-video,2025-08-22 21:16:24+00:00,xai-org/grok-2,2025
367,4.0,4463,image-to-video,2025-08-25 02:38:55+00:00,Wan-AI/Wan2.2-S2V-14B,2025
35,4.0,571,robotics,2025-08-28 16:47:27+00:00,InternRobotics/InternVLA-N1,2025
156,4.0,0,time-series-forecasting,2025-09-02 18:55:45+00:00,google/timesfm-2.5-200m-pytorch,2025
128,4.0,22235,text-to-speech,2025-09-04 15:48:01+00:00,vibevoice/VibeVoice-7B,2025
181,4.0,14473,text-generation,2025-09-08 13:43:44+00:00,inclusionAI/Ling-mini-2.0,2025
85,4.0,801,text-generation,2025-09-11 19:25:18+00:00,unsloth/Qwen3-Next-80B-A3B-Instruct,2025
775,4.0,13869,text-generation,2025-09-16 06:56:49+00:00,Alibaba-NLP/Tongyi-DeepResearch-30B-A3B,2025
306,4.0,538,video-to-video,2025-09-16 18:14:04+00:00,decart-ai/Lucy-Edit-Dev,2025
234,4.0,67163,text-generation,2025-09-16 19:47:09+00:00,ibm-granite/granite-4.0-micro,2025
168,4.0,26451,text-generation,2025-09-16 19:51:16+00:00,ibm-granite/granite-4.0-h-tiny,2025
353,4.0,81038,text-generation,2025-09-22 04:56:04+00:00,deepseek-ai/DeepSeek-V3.1-Terminus,2025
77,4.0,20034,text-generation,2025-09-23 11:40:09+00:00,Qwen/Qwen3Guard-Gen-8B,2025
521,4.0,25675,image-to-image,2025-09-26 21:21:21+00:00,lovis93/next-scene-qwen-image-lora-2509,2025
86,4.0,25517,image-to-text,2025-10-06 21:16:59+00:00,allenai/olmOCR-2-7B-1025,2025
283,4.0,5604,text-to-image,2025-10-09 11:55:45+00:00,briaai/FIBO,2025
86,4.0,55456,image-text-to-text,2025-10-11 07:24:08+00:00,Qwen/Qwen3-VL-4B-Thinking,2025
147,4.0,226958,image-text-to-text,2025-10-11 07:24:34+00:00,Qwen/Qwen3-VL-8B-Thinking,2025
16,4.0,4525,text-generation,2025-10-15 11:09:56+00:00,Lamapi/next-1b,2025
13,4.0,18,audio-classification,2025-10-15 23:41:41+00:00,nvidia/multitalker-parakeet-streaming-0.6b-v1,2025
90,4.0,3158,text-to-image,2025-10-16 03:25:12+00:00,amd/Nitro-E,2025
84,4.0,44359,image-text-to-text,2025-10-16 07:22:27+00:00,lightx2v/Wan2.2-Distill-Models,2025
130,4.0,1693149,image-text-to-text,2025-10-19 12:30:41+00:00,Qwen/Qwen3-VL-32B-Instruct,2025
45,4.0,28664,text-generation,2025-10-20 12:19:59+00:00,lefromage/Qwen3-Next-80B-A3B-Instruct-GGUF,2025
24,4.0,0,text-to-speech,2025-10-21 12:12:05+00:00,Thomcles/Chatterbox-TTS-Persian-Farsi,2025
67,4.0,287,text-generation,2025-10-25 09:22:29+00:00,inclusionAI/LLaDA2.0-flash-preview,2025
107,4.0,8755,sentence-similarity,2025-10-28 12:34:27+00:00,LiquidAI/LFM2-ColBERT-350M,2025
18,4.0,59458,image-text-to-text,2025-10-30 22:12:44+00:00,unsloth/Qwen3-VL-8B-Instruct-GGUF,2025
46,4.0,79100,image-text-to-text,2025-10-30 22:29:51+00:00,unsloth/Qwen3-VL-30B-A3B-Instruct-GGUF,2025
23,4.0,21583,image-text-to-text,2025-10-31 02:50:31+00:00,Qwen/Qwen3-VL-8B-Instruct-GGUF,2025
4,4.0,66,feature-extraction,2025-10-31 14:06:25+00:00,brain-bzh/reve-positions,2025
24,4.0,46972,image-text-to-text,2025-11-06 11:17:54+00:00,janhq/Jan-v2-VL-high-gguf,2025
101,4.0,44673,text-generation,2025-11-07 10:58:24+00:00,unsloth/Kimi-K2-Thinking-GGUF,2025
13,4.0,1235,text-generation,2025-11-10 05:08:59+00:00,TheDrummer/Snowpiercer-15B-v4,2025
202,4.0,8865,text-generation,2025-11-10 13:32:08+00:00,PleIAs/Baguettotron,2025
9,4.0,214,any-to-any,2025-11-10 20:30:58+00:00,OddTheGreat/Mars_27B_V.1,2025
72,4.0,17022,image-to-image,2025-11-13 01:54:19+00:00,tarn59/apply_texture_qwen_image_edit_2509,2025
18,4.0,10825,image-to-3d,2025-11-13 18:41:45+00:00,depth-anything/DA3-BASE,2025
6,4.0,10986,text-generation,2025-11-17 02:30:11+00:00,bartowski/p-e-w_gpt-oss-20b-heretic-GGUF,2025
12,4.0,2539,mask-generation,2025-11-17 23:57:09+00:00,onnx-community/sam3-tracker-ONNX,2025
13,4.0,1420,text-generation,2025-11-19 21:54:36+00:00,ai-sage/GigaChat3-10B-A1.8B-bf16,2025
27,4.0,13012,mask-generation,2025-11-21 00:22:23+00:00,unsloth/Olmo-3-32B-Think-GGUF,2025
4,4.0,629,mask-generation,2025-11-21 07:03:42+00:00,vantagewithai/BindWeave-GGUF,2025
6,4.0,0,mask-generation,2025-11-21 17:58:31+00:00,1038lab/sam3,2025
7,4.0,605,text-generation,2025-11-22 16:06:10+00:00,Bumoch/The_Creeping_Darkness-X2-16B,2025
4,4.0,144,text-generation,2025-11-24 00:49:00+00:00,YOYO-AI/Qwen3-30B-A3B-YOYO-AutoThink,2025
4,4.0,319,text-generation,2025-11-24 16:20:57+00:00,nightmedia/GLM-4.5-Air-Derestricted-qx53g-mlx,2025
4,4.0,848,text-generation,2025-11-24 22:35:06+00:00,mradermacher/GLM-4.5-Air-Derestricted-i1-GGUF,2025
4,4.0,0,text-generation,2025-11-25 09:51:09+00:00,GiantAILab/YingMusic-SVC,2025
4,4.0,554,text-generation,2025-11-27 00:48:18+00:00,moxin-org/MiniMax-M2-GGUF,2025
4,4.0,681,text-to-image,2025-11-27 18:05:18+00:00,mzbac/Z-Image-Turbo-8bit,2025
4,4.0,24,text-generation,2025-11-28 10:50:28+00:00,ArliAI/GLM-4.6-REAP-268B-A32B-Derestricted,2025
4,4.0,87,image-text-to-text,2025-11-28 12:17:01+00:00,prithivMLmods/Qwen3-VisionCaption-2B,2025
4,4.0,0,feature-extraction,2025-11-28 13:44:55+00:00,brain-bzh/reve-large,2025
4,4.0,149,text-to-image,2025-11-28 19:22:28+00:00,jmelahman/Orchestrator-8B-Q4_K_M-GGUF,2025
4,4.0,0,text-to-image,2025-12-01 07:43:43+00:00,wcde/Z-Image-Turbo-DeJPEG-Lora,2025
1336,3.0,1512253,fill-mask,2022-03-02 23:29:04+00:00,google-bert/bert-base-chinese,2022
764,3.0,7051088,fill-mask,2022-03-02 23:29:04+00:00,FacebookAI/xlm-roberta-base,2022
223,3.0,199578,text-generation,2022-03-02 23:29:04+00:00,EleutherAI/gpt-neo-125m,2022
153,3.0,564329,sentence-similarity,2022-03-02 23:29:05+00:00,cointegrated/rubert-tiny2,2022
87,3.0,797169,text-ranking,2022-03-02 23:29:05+00:00,cross-encoder/ms-marco-MiniLM-L12-v2,2022
103,3.0,765504,feature-extraction,2022-03-02 23:29:05+00:00,dmis-lab/biobert-v1.1,2022
672,3.0,1794746,token-classification,2022-03-02 23:29:05+00:00,dslim/bert-base-NER,2022
326,3.0,777452,fill-mask,2022-03-02 23:29:05+00:00,facebook/m2m100_418M,2022
375,3.0,356548,fill-mask,2022-03-02 23:29:05+00:00,hfl/chinese-roberta-wwm-ext,2022
295,3.0,627860,fill-mask,2022-03-02 23:29:05+00:00,microsoft/BiomedNLP-BiomedBERT-base-uncased-abstract-fulltext,2022
200,3.0,285429,image-to-text,2022-03-02 23:29:05+00:00,microsoft/trocr-base-printed,2022
443,3.0,754592,text-classification,2022-03-02 23:29:05+00:00,nlptown/bert-base-multilingual-uncased-sentiment,2022
1195,3.0,22592073,sentence-similarity,2022-03-02 23:29:05+00:00,sentence-transformers/all-mpnet-base-v2,2022
207,3.0,2740516,text-classification,2022-03-02 23:29:05+00:00,yiyanghkust/finbert-tone,2022
736,3.0,4094795,text-classification,2022-03-15 01:21:58+00:00,cardiffnlp/twitter-roberta-base-sentiment-latest,2022
61,3.0,2136349,fill-mask,2022-09-27 14:36:16+00:00,facebook/esm2_t33_650M_UR50D,2022
449,3.0,532200,text-classification,2022-10-21 09:59:24+00:00,google/flan-t5-small,2022
142,3.0,1047243,text-classification,2022-10-22 22:44:07+00:00,michellejieli/emotion_text_classifier,2022
3173,3.0,15821,text-to-image,2022-11-08 09:44:58+00:00,prompthero/openjourney,2022
817,3.0,2516196,image-to-text,2022-12-12 15:19:02+00:00,Salesforce/blip-image-captioning-base,2022
3767,3.0,3,text-generation,2023-02-08 18:51:21+00:00,lllyasviel/ControlNet,2023
370,3.0,0,text-generation,2023-03-14 15:30:15+00:00,lllyasviel/Annotators,2023
378,3.0,0,text-generation,2023-04-28 09:06:51+00:00,wok000/vcclient000,2023
649,3.0,1131,text-generation,2023-05-09 18:56:32+00:00,QuixiAI/WizardLM-13B-Uncensored,2023
298,3.0,11578676,sentence-similarity,2023-06-27 21:31:39+00:00,colbert-ir/colbertv2.0,2023
248,3.0,2148191,sentence-similarity,2023-06-30 07:31:03+00:00,intfloat/multilingual-e5-small,2023
4661,3.0,320401,text-generation,2023-07-13 16:45:23+00:00,meta-llama/Llama-2-7b-chat-hf,2023
401,3.0,1336,text-generation,2023-07-20 10:45:03+00:00,georgesung/llama2_7b_chat_uncensored,2023
601,3.0,4341959,feature-extraction,2023-09-12 05:20:08+00:00,BAAI/bge-large-en-v1.5,2023
151,3.0,0,summarization,2023-09-19 10:15:22+00:00,lllyasviel/fooocus_inpaint,2023
277,3.0,26571,summarization,2023-10-21 00:53:53+00:00,Falconsai/text_summarization,2023
1156,3.0,64322,text-generation,2023-10-25 09:56:41+00:00,zai-org/chatglm3-6b,2023
230,3.0,60346,text-generation,2023-11-05 13:36:03+00:00,TheBloke/deepseek-coder-6.7B-instruct-GGUF,2023
486,3.0,57927,text-generation,2023-12-11 22:18:46+00:00,TheBloke/Mistral-7B-Instruct-v0.2-GGUF,2023
35,3.0,38321,zero-shot-image-classification,2023-12-22 04:04:39+00:00,q-future/one-align,2023
39,3.0,253244,automatic-speech-recognition,2023-12-28 15:27:57+00:00,nvidia/parakeet-ctc-1.1b,2023
622,3.0,1715298,zero-shot-image-classification,2024-01-08 13:38:32+00:00,google/siglip-so400m-patch14-384,2024
38,3.0,0,audio-to-audio,2024-01-10 16:53:33+00:00,Wanlau/RVC_BanGDream,2024
88,3.0,3423,text-generation,2024-02-05 08:17:11+00:00,deepseek-ai/deepseek-math-7b-rl,2024
3241,3.0,38586,text-generation,2024-02-08 22:36:43+00:00,google/gemma-7b,2024
276,3.0,261057,text-to-image,2024-02-18 21:05:03+00:00,RunDiffusion/Juggernaut-XL-v9,2024
25,3.0,24460,text-to-image,2024-02-19 15:38:21+00:00,monadical-labs/minecraft-skin-generator-sdxl,2024
300,3.0,238870,text-to-speech,2024-02-29 14:52:43+00:00,myshell-ai/MeloTTS-English,2024
1345,3.0,1589244,image-text-to-text,2024-03-04 18:03:06+00:00,vikhyatk/moondream2,2024
242,3.0,1944,text-generation,2024-03-21 16:57:43+00:00,google/codegemma-7b-it,2024
43,3.0,3489,text-to-audio,2024-03-26 19:53:26+00:00,Xenova/musicgen-small,2024
322,3.0,19987,text-generation,2024-04-18 17:03:42+00:00,QuantFactory/Meta-Llama-3-8B-Instruct-GGUF,2024
381,3.0,27422,image-text-to-text,2024-05-12 22:53:40+00:00,google/paligemma-3b-pt-224,2024
62,3.0,272,video-text-to-text,2024-05-15 06:24:38+00:00,emotion2vec/emotion2vec_plus_large,2024
118,3.0,86500,video-text-to-text,2024-06-05 13:28:32+00:00,llava-hf/LLaVA-NeXT-Video-7B-hf,2024
1617,3.0,157936,text-to-image,2024-07-07 07:41:40+00:00,xinsir/controlnet-union-sdxl-1.0,2024
15,3.0,14739,text-to-image,2024-07-09 14:30:10+00:00,second-state/stable-diffusion-v1-5-GGUF,2024
153,3.0,53678,audio-text-to-text,2024-07-16 07:59:04+00:00,Qwen/Qwen2-Audio-7B,2024
62,3.0,208478,feature-extraction,2024-07-29 08:38:09+00:00,ai-forever/ru-en-RoSBERTa,2024
118,3.0,53613,text-to-image,2024-08-05 03:49:17+00:00,SG161222/RealVisXL_V5.0,2024
931,3.0,319035,text-generation,2024-08-16 20:48:26+00:00,microsoft/Phi-3.5-mini-instruct,2024
258,3.0,1258,text-generation,2024-08-21 16:42:43+00:00,MarinaraSpaghetti/NemoMix-Unleashed-12B,2024
248,3.0,1015480,text-generation,2024-09-15 12:17:40+00:00,Qwen/Qwen2.5-7B,2024
59,3.0,43016,text-generation,2024-09-17 13:57:52+00:00,Qwen/Qwen2.5-1.5B-Instruct-GGUF,2024
91,3.0,207522,text-generation,2024-09-18 09:41:47+00:00,Qwen/Qwen2.5-Coder-1.5B-Instruct,2024
80,3.0,0,text-generation,2024-10-10 12:46:34+00:00,opendatalab/PDF-Extract-Kit-1.0,2024
558,3.0,153638,text-generation,2024-10-15 09:20:23+00:00,mistralai/Ministral-8B-Instruct-2410,2024
117,3.0,19975,text-generation,2024-10-28 10:09:51+00:00,DavidAU/L3.2-Rogue-Creative-Instruct-Uncensored-Abliterated-7B-GGUF,2024
8,3.0,1289,text-classification,2024-11-12 08:50:15+00:00,unsloth/Qwen2.5-Coder-1.5B-Instruct-GGUF,2024
242,3.0,8337,text-classification,2024-11-14 20:03:52+00:00,mistralai/Mistral-Large-Instruct-2411,2024
962,3.0,167098,text-classification,2024-11-20 19:45:33+00:00,black-forest-labs/FLUX.1-Fill-dev,2024
500,3.0,2484,text-classification,2024-12-03 16:19:27+00:00,Kijai/HunyuanVideo_comfy,2024
326,3.0,465581,text-classification,2024-12-07 17:56:18+00:00,tabularisai/multilingual-sentiment-analysis,2024
233,3.0,56782,image-text-to-text,2024-12-13 08:49:22+00:00,deepseek-ai/deepseek-vl2-tiny,2024
4002,3.0,598762,text-generation,2024-12-25 12:52:23+00:00,deepseek-ai/DeepSeek-V3,2024
40,3.0,64029,tabular-regression,2025-01-04 14:33:42+00:00,Prior-Labs/TabPFN-v2-reg,2025
585,3.0,323005,text-generation,2025-01-20 09:18:27+00:00,deepseek-ai/DeepSeek-R1-Distill-Qwen-14B,2025
67,3.0,18229,text-to-speech,2025-01-21 20:59:59+00:00,mradermacher/DeepSeek-R1-Distill-Qwen-7B-Uncensored-i1-GGUF,2025
168,3.0,47658,text-to-speech,2025-02-07 11:07:04+00:00,onnx-community/Kokoro-82M-v1.0-ONNX,2025
797,3.0,4550234,text-to-speech,2025-02-25 21:27:12+00:00,Comfy-Org/Wan_2.1_ComfyUI_repackaged,2025
131,3.0,157051,text-to-speech,2025-03-04 00:46:18+00:00,city96/umt5-xxl-encoder-gguf,2025
2276,3.0,24999,text-to-speech,2025-03-06 15:36:45+00:00,sesame/csm-1b,2025
34,3.0,40963,any-to-any,2025-03-15 11:04:50+00:00,ai4bharat/indic-conformer-600m-multilingual,2025
1148,3.0,203648,any-to-any,2025-04-02 13:34:17+00:00,meta-llama/Llama-4-Scout-17B-16E-Instruct,2025
9,3.0,30552,text-generation,2025-04-14 06:41:18+00:00,nvidia/Llama-4-Scout-17B-16E-Instruct-NVFP4,2025
77,3.0,0,text-generation,2025-04-19 22:42:11+00:00,dnad244/wan_random_loras,2025
79,3.0,2332,text-generation,2025-04-25 22:03:34+00:00,DeepHat/DeepHat-V1-7B,2025
321,3.0,1032262,text-generation,2025-04-27 03:42:45+00:00,Qwen/Qwen3-14B,2025
129,3.0,219745,time-series-forecasting,2025-04-30 14:43:45+00:00,Datadog/Toto-Open-Base-1.0,2025
262,3.0,69572,image-text-to-text,2025-05-11 00:11:52+00:00,fancyfeast/llama-joycaption-beta-one-hf-llava,2025
1479,3.0,0,image-text-to-text,2025-05-18 19:24:14+00:00,google/gemma-3n-E4B-it-litert-preview,2025
3,3.0,926,text-generation,2025-05-20 22:48:28+00:00,nvidia/Nemotron-Flash-3B,2025
39,3.0,173,text-generation,2025-05-22 05:19:22+00:00,ArliAI/QwQ-32B-ArliAI-RpR-v4,2025
236,3.0,5989,text-generation,2025-05-28 20:04:32+00:00,nvidia/Nemotron-Research-Reasoning-Qwen-1.5B,2025
105,3.0,77829,text-ranking,2025-06-03 14:46:47+00:00,Qwen/Qwen3-Reranker-4B,2025
823,3.0,64751,image-text-to-text,2025-06-03 18:17:07+00:00,google/gemma-3n-E4B-it,2025
68,3.0,946,image-text-to-text,2025-06-05 02:26:27+00:00,lingshu-medical-mllm/Lingshu-32B,2025
32,3.0,0,image-text-to-text,2025-06-13 11:33:06+00:00,microsoft/CADFusion,2025
35,3.0,15217,image-text-to-text,2025-06-20 19:03:22+00:00,bartowski/mistralai_Mistral-Small-3.2-24B-Instruct-2506-GGUF,2025
643,3.0,211464,text-to-speech,2025-07-01 15:45:49+00:00,bosonai/higgs-audio-v2-generation-3B-base,2025
55,3.0,2698,text-generation,2025-07-11 19:28:15+00:00,microsoft/MediPhi-Instruct,2025
15,3.0,0,image-to-text,2025-07-14 04:28:22+00:00,xssxsxk/cunnyfunky-style,2025
62,3.0,8499,image-to-text,2025-07-23 06:06:13+00:00,mradermacher/Qwen2.5-VL-7B-Abliterated-Caption-it-GGUF,2025
12,3.0,18656,zero-shot-image-classification,2025-07-31 16:01:58+00:00,facebook/metaclip-2-worldwide-huge-quickgelu,2025
194,3.0,27825,image-feature-extraction,2025-08-04 12:40:03+00:00,facebook/dinov3-vit7b16-pretrain-lvd1689m,2025
174,3.0,133775,text-generation,2025-08-05 17:11:45+00:00,unsloth/gpt-oss-120b-GGUF,2025
26,3.0,0,image-to-image,2025-08-07 23:27:38+00:00,rahul7star/wan2.2Lora,2025
3,3.0,7,image-to-image,2025-08-12 07:22:21+00:00,Omartificial-Intelligence-Space/AraStyleTransfer-21,2025
252,3.0,50987,image-to-image,2025-08-18 23:43:57+00:00,QuantStack/Qwen-Image-Edit-GGUF,2025
93,3.0,14312,image-to-image,2025-08-20 09:29:51+00:00,InstantX/Qwen-Image-ControlNet-Union,2025
807,3.0,85023,text-generation,2025-08-21 02:37:52+00:00,deepseek-ai/DeepSeek-V3.1,2025
81,3.0,44528,image-text-to-text,2025-08-25 16:38:37+00:00,OpenGVLab/InternVL3_5-GPT-OSS-20B-A4B-Preview,2025
693,3.0,10149,translation,2025-08-28 09:51:39+00:00,tencent/Hunyuan-MT-7B,2025
99,3.0,12536,text-generation,2025-08-30 20:12:05+00:00,NousResearch/Hermes-4-14B,2025
138,3.0,71133,text-to-image,2025-09-03 05:08:41+00:00,befox/WAN2.2-14B-Rapid-AllInOne-GGUF,2025
5,3.0,0,text-to-image,2025-09-06 10:03:19+00:00,ASLP-lab/WSYue-TTS,2025
961,3.0,4834,text-to-image,2025-09-08 12:44:15+00:00,tencent/SRPO,2025
28,3.0,1668,text-generation,2025-09-09 12:11:24+00:00,ytu-ce-cosmos/Turkish-Gemma-9b-T1,2025
17,3.0,2545,text-to-image,2025-09-10 16:36:52+00:00,Daverrrr75/Qwen-Remove-Clothing,2025
176,3.0,21455,any-to-any,2025-09-15 15:26:43+00:00,Qwen/Qwen3-Omni-30B-A3B-Captioner,2025
229,3.0,43082,any-to-any,2025-09-15 15:39:44+00:00,Qwen/Qwen3-Omni-30B-A3B-Thinking,2025
207,3.0,1350,text-generation,2025-09-17 02:40:31+00:00,inclusionAI/Ling-flash-2.0,2025
105,3.0,0,text-generation,2025-09-21 13:12:37+00:00,eddy1111111/Wan_toolkit,2025
35,3.0,2765,text-generation,2025-09-23 15:50:28+00:00,LiquidAI/LFM2-2.6B-GGUF,2025
82,3.0,430083,text-generation,2025-09-29 07:52:20+00:00,zai-org/GLM-4.6-FP8,2025
15,3.0,360,image-text-to-text,2025-09-30 04:18:56+00:00,DFloat11/Qwen-Image-Edit-2509-DF11,2025
162,3.0,44471,image-text-to-text,2025-09-30 11:04:13+00:00,Qwen/Qwen3-VL-30B-A3B-Thinking,2025
517,3.0,252,text-generation,2025-10-02 13:41:55+00:00,inclusionAI/Ling-1T,2025
37,3.0,5864,text-generation,2025-10-05 08:54:17+00:00,TheDrummer/Cydonia-24B-v4.2.0,2025
85,3.0,21206,text-generation,2025-10-07 20:23:17+00:00,ibm-granite/granite-4.0-h-350m,2025
43,3.0,67203,image-text-to-text,2025-10-09 10:41:00+00:00,IDEA-Research/Rex-Omni,2025
19,3.0,1124,text-to-image,2025-10-09 14:21:04+00:00,Insta360-Research/DiT360-Panorama-Image-Generation,2025
156,3.0,0,video-to-video,2025-10-11 08:49:36+00:00,JunhaoZhuang/FlashVSR,2025
42,3.0,92353,image-text-to-text,2025-10-11 09:43:02+00:00,Qwen/Qwen3-VL-8B-Instruct-FP8,2025
34,3.0,1681,image-text-to-text,2025-10-13 06:17:59+00:00,ASLP-lab/DiffRhythm2,2025
452,3.0,85427,image-text-to-text,2025-10-13 12:11:52+00:00,nanonets/Nanonets-OCR2-3B,2025
14,3.0,0,image-to-video,2025-10-15 14:33:55+00:00,akhaliq/veo3.1-fast-image-to-video,2025
20,3.0,823,text-to-image,2025-10-17 17:56:22+00:00,ostris/qwen_image_edit_2509_shirt_design,2025
86,3.0,36290,image-text-to-text,2025-10-19 14:44:12+00:00,Qwen/Qwen3-VL-2B-Thinking,2025
173,3.0,17137,image-to-text,2025-10-20 10:33:44+00:00,lightonai/LightOnOCR-1B-1025,2025
48,3.0,8605,text-generation,2025-10-20 15:40:03+00:00,cerebras/Qwen3-Coder-REAP-25B-A3B,2025
3,3.0,0,image-to-image,2025-10-21 18:39:46+00:00,nvidia/Fixer,2025
12,3.0,0,any-to-any,2025-10-22 04:42:00+00:00,svjack/Qwen_Image_Edit_2509_Sref_Lora,2025
100,3.0,683,any-to-any,2025-10-23 09:42:24+00:00,meituan-longcat/LongCat-Flash-Omni,2025
3,3.0,0,image-to-image,2025-10-24 06:27:50+00:00,openbmb/InfLLM-V2-Long-Sparse-Base,2025
17,3.0,3184,image-to-image,2025-10-25 17:30:12+00:00,BigDannyPt/WAN-2.2-SmoothMix-GGUF,2025
43,3.0,1282,image-to-image,2025-10-26 01:29:20+00:00,dx8152/Qwen-Image-Edit-2509-White_film_to_rendering,2025
11,3.0,3898,image-text-to-text,2025-10-29 12:13:03+00:00,TheDrummer/Precog-24B-v1-GGUF,2025
4,3.0,210,image-text-to-text,2025-10-30 08:50:45+00:00,SIP-med-LLM/SIP-jmed-llm-3-8x13b-AC-32k-instruct,2025
13,3.0,23027,image-text-to-text,2025-10-30 22:10:50+00:00,unsloth/Qwen3-VL-8B-Thinking-GGUF,2025
13,3.0,11263,image-text-to-text,2025-10-31 02:50:15+00:00,Qwen/Qwen3-VL-4B-Instruct-GGUF,2025
69,3.0,0,video-to-video,2025-10-31 04:18:43+00:00,JunhaoZhuang/FlashVSR-v1.1,2025
6,3.0,1415,object-detection,2025-10-31 07:29:50+00:00,omlab/VLM-FO1_Qwen2.5-VL-3B-v01,2025
68,3.0,88509,text-generation,2025-11-01 12:45:39+00:00,unsloth/MiniMax-M2-GGUF,2025
20,3.0,155,text-generation,2025-11-02 10:37:22+00:00,zerofata/GLM-4.5-Iceblink-v2-106B-A12B,2025
18,3.0,38048,text-generation,2025-11-02 10:51:30+00:00,BigDannyPt/Wan-2-2-Remix,2025
76,3.0,71603,text-generation,2025-11-02 16:18:55+00:00,aquif-ai/aquif-3.5-Max-42B-A3B,2025
61,3.0,1051,image-to-image,2025-11-04 01:09:57+00:00,YaoJiefu/multiple-characters,2025
4,3.0,1284,image-text-to-text,2025-11-04 03:03:36+00:00,prithivMLmods/DeepSeek-OCR-Latest-BF16.I64,2025
4,3.0,2565,image-text-to-text,2025-11-05 03:13:03+00:00,ReadyArt/Dark-Oddity-12B-v2.1-GGUF,2025
32,3.0,4980,image-text-to-text,2025-11-05 08:46:36+00:00,VibeStudio/MiniMax-M2-THRIFT,2025
83,3.0,1044,image-text-to-text,2025-11-06 08:48:57+00:00,janhq/Jan-v2-VL-high,2025
48,3.0,6101,text-generation,2025-11-06 19:37:36+00:00,cerebras/Kimi-Linear-REAP-35B-A3B-Instruct,2025
21,3.0,1467,text-to-speech,2025-11-10 16:13:54+00:00,pnnbao-ump/kani-tts-370m-vie,2025
5,3.0,0,text-to-image,2025-11-11 06:32:24+00:00,AIDC-AI/Diffusion-SDPO,2025
28,3.0,309,text-to-image,2025-11-11 21:11:48+00:00,TheDrummer/Precog-24B-v1,2025
34,3.0,2874,text-to-image,2025-11-12 13:33:33+00:00,wikeeyang/Magic-Wan-Image-V2,2025
9,3.0,0,image-text-to-text,2025-11-12 15:21:49+00:00,SophontAI/OpenMidnight,2025
6,3.0,1453,image-text-to-text,2025-11-12 18:07:47+00:00,Lamapi/next-ocr,2025
57,3.0,1589,text-generation,2025-11-13 02:52:54+00:00,miromind-ai/MiroThinker-v1.0-8B,2025
4,3.0,1255,text-generation,2025-11-13 06:33:32+00:00,electroglyph/Qwen3-4B-Instruct-2507-uncensored-unslop-v2,2025
7,3.0,161,depth-estimation,2025-11-13 09:54:12+00:00,xiaomi-open-source/Xiaomi-MiMo-VL-Miloco-7B,2025
32,3.0,90527,depth-estimation,2025-11-13 10:00:13+00:00,depth-anything/DA3NESTED-GIANT-LARGE,2025
14,3.0,16111,depth-estimation,2025-11-13 18:34:06+00:00,depth-anything/DA3-GIANT,2025
7,3.0,9324,depth-estimation,2025-11-13 18:42:02+00:00,depth-anything/DA3-SMALL,2025
5,3.0,288,text-generation,2025-11-13 22:52:28+00:00,rl-research/DR-Tulu-SFT-8B,2025
5,3.0,1551,text-to-image,2025-11-15 09:57:03+00:00,sd2-community/stable-diffusion-2-1,2025
8,3.0,71,text-generation,2025-11-17 04:53:12+00:00,dinhthuan/index-tts-2-vietnamese,2025
11,3.0,28,text-generation,2025-11-17 07:05:22+00:00,nex-agi/internlm3-8B-Nex-N1,2025
13,3.0,289,text-generation,2025-11-17 07:14:08+00:00,nex-agi/Qwen3-30B-A3B-Nex-N1,2025
8,3.0,32772,text-generation,2025-11-17 15:51:43+00:00,kldzj/gpt-oss-120b-heretic,2025
4,3.0,462,text-generation,2025-11-17 23:49:21+00:00,noctrex/MiniMax-M2-REAP-172B-A10B-MXFP4_MOE-GGUF,2025
3,3.0,2831,image-segmentation,2025-11-18 04:25:23+00:00,Andycurrent/Dolphin3.0-Llama3.1-8B,2025
3,3.0,0,image-segmentation,2025-11-19 07:49:06+00:00,spc819/Medal-S-V1.0,2025
23,3.0,961,text-generation,2025-11-19 15:56:03+00:00,mlx-community/VibeThinker-1.5B-mlx-4bit,2025
6,3.0,2761,text-generation,2025-11-19 16:54:44+00:00,bartowski/VibeStudio_MiniMax-M2-THRIFT-GGUF,2025
3,3.0,41,text-generation,2025-11-19 18:01:32+00:00,FlareRebellion/BereavedCompound-v1.0-24b,2025
5,3.0,12,visual-document-retrieval,2025-11-20 04:37:31+00:00,eagerworks/eager-embed-v1,2025
7,3.0,618,text-generation,2025-11-20 09:40:44+00:00,Nanbeige/Nanbeige4-3B-Thinking-2511,2025
15,3.0,0,image-text-to-text,2025-11-20 14:52:23+00:00,polymathic-ai/walrus,2025
5,3.0,4781,image-text-to-text,2025-11-21 04:15:44+00:00,unsloth/Olmo-3-7B-Think-GGUF,2025
3,3.0,42,image-text-to-text,2025-11-21 08:53:38+00:00,Jackrong/gpt-oss-120b-Distill-Qwen3-4B-Thinking,2025
4,3.0,116,image-text-to-text,2025-11-21 09:53:07+00:00,NOVAglow646/Monet-7B,2025
3,3.0,259,image-text-to-text,2025-11-23 12:58:17+00:00,coder3101/Qwen3-VL-32B-Thinking-heretic,2025
3,3.0,348,text-classification,2025-11-24 20:12:24+00:00,Trilogix1/Hugston-microsoft-Fara-7B,2025
3,3.0,1197,image-to-video,2025-11-25 00:18:52+00:00,mradermacher/Fara-7B-GGUF,2025
3,3.0,0,image-to-video,2025-11-25 02:15:13+00:00,jbarrow/FFDetr,2025
3,3.0,0,image-to-video,2025-11-25 03:55:23+00:00,open-gigaai/GigaWorld-0-Video-GR1-2b,2025
3,3.0,0,text-to-image,2025-11-25 07:44:28+00:00,zzz66/AnyTalker-1.3B,2025
3,3.0,33,text-to-image,2025-11-25 09:17:46+00:00,ShaoRun/RS-EoT-7B,2025
3,3.0,841,text-to-image,2025-11-25 10:36:45+00:00,Raelina/Raehoshi-illust-XL-8,2025
3,3.0,17,text-generation,2025-11-25 11:46:04+00:00,v3ss0n/Qwen3-Coder-REAP-25B-A3B-autoround-4bit,2025
3,3.0,63,text-generation,2025-11-25 17:07:59+00:00,Vortex5/Scarlet-Seraph-12B,2025
3,3.0,0,text-generation,2025-11-25 19:06:12+00:00,amd/stable-diffusion-1.5-amdnpu,2025
3,3.0,4,text-generation,2025-11-25 20:28:55+00:00,fal/FLUX.2-Tiny-AutoEncoder-FlashPack,2025
3,3.0,54,text-generation,2025-11-25 20:55:22+00:00,malinhauglandh/byt5-en-es-translation,2025
3,3.0,130,text-generation,2025-11-26 00:57:23+00:00,DreadPoor/Sand-TEST,2025
3,3.0,40,image-to-image,2025-11-26 09:45:21+00:00,YaoJiefu/Eliminate-light-and-shadow,2025
3,3.0,300,text-generation,2025-11-26 12:12:47+00:00,RinggAI/Transcript-Analytics-SLM1.5b,2025
3,3.0,0,text-generation,2025-11-26 21:38:11+00:00,RuneXX/Z_Image_Turbo_FP8,2025
3,3.0,40,text-generation,2025-11-27 00:47:06+00:00,moxin-org/Qwen3-235B-A22B-Instruct-2507-GGUF,2025
3,3.0,16,text-generation,2025-11-27 00:48:46+00:00,moxin-org/GLM-4.6-GGUF,2025
3,3.0,21,image-text-to-text,2025-11-27 04:42:15+00:00,TencentBAC/GRiP,2025
3,3.0,338,text-generation,2025-11-27 09:11:15+00:00,mlx-community/INTELLECT-3-4bit,2025
3,3.0,757,text-to-image,2025-11-27 10:58:30+00:00,mingyi456/Z-Image-Turbo-DF11-ComfyUI,2025
3,3.0,51,text-generation,2025-11-27 17:20:27+00:00,DeepXR/Helion-OSC,2025
3,3.0,4419,text-generation,2025-11-27 21:27:56+00:00,Felladrin/gguf-MXFP4-gpt-oss-20b-Derestricted,2025
3,3.0,0,automatic-speech-recognition,2025-11-27 22:03:16+00:00,facebook/omniASR-CTC-300M,2025
3,3.0,0,automatic-speech-recognition,2025-11-27 22:04:20+00:00,facebook/omniASR-LLM-7B-ZS,2025
3,3.0,131,text-generation,2025-11-28 16:50:13+00:00,hunterbown/dante-qwen-4b,2025
3,3.0,42,text-generation,2025-11-28 19:35:12+00:00,PrimeTJ/Emo-v1,2025
3,3.0,86,text-generation,2025-11-29 09:41:29+00:00,mlx-community/Orchestrator-8B-4bit,2025
3,3.0,0,image-text-to-text,2025-11-29 15:51:48+00:00,reverentelusarca/elusarca-anime-style-lora-z-image-turbo,2025
3,3.0,274,image-text-to-text,2025-11-30 03:51:29+00:00,noctrex/GELab-Zero-4B-preview-GGUF,2025
3,3.0,0,text-to-image,2025-11-30 07:57:28+00:00,Danrisi/Lenovo_UltraReal_Z_Image,2025
3,3.0,132,text-to-image,2025-11-30 08:34:03+00:00,strangerzonehf/Anime-Z,2025
3,3.0,10,text-classification,2025-11-30 15:34:37+00:00,leejet/Z-Image-Turbo-GGUF,2025
3,3.0,0,text-classification,2025-11-30 20:51:28+00:00,gerson-analista/lora_model,2025
3,3.0,0,text-classification,2025-12-01 13:38:34+00:00,unsloth/DeepSeek-V3.2-Speciale,2025
171,2.8000000000000003,0,text-classification,2025-09-28 07:26:53+00:00,FX-FeiHou/wan2.2-Remix,2025
854,2.0,5400009,text-classification,2022-03-02 23:29:04+00:00,distilbert/distilbert-base-uncased-finetuned-sst-2-english,2022
201,2.0,508745,text-classification,2022-03-02 23:29:04+00:00,FacebookAI/roberta-large-mnli,2022
476,2.0,3382628,fill-mask,2022-03-02 23:29:04+00:00,FacebookAI/xlm-roberta-large,2022
1514,2.0,139030,text-generation,2022-03-02 23:29:04+00:00,EleutherAI/gpt-j-6b,2022
321,2.0,42895,text-generation,2022-03-02 23:29:04+00:00,EleutherAI/gpt-neo-1.3B,2022
31,2.0,31149,image-classification,2022-03-02 23:29:05+00:00,WinKawaks/vit-tiny-patch16-224,2022
33,2.0,34446,text-classification,2022-03-02 23:29:05+00:00,bvanaken/clinical-assertion-negation-bert,2022
325,2.0,631779,text-classification,2022-03-02 23:29:05+00:00,cardiffnlp/twitter-roberta-base-sentiment,2022
61,2.0,0,fill-mask,2022-03-02 23:29:05+00:00,edugp/kenlm,2022
401,2.0,2757064,fill-mask,2022-03-02 23:29:05+00:00,emilyalsentzer/Bio_ClinicalBERT,2022
911,2.0,888733,object-detection,2022-03-02 23:29:05+00:00,facebook/detr-resnet-50,2022
69,2.0,70080969,text-classification,2022-03-02 23:29:05+00:00,google/electra-base-discriminator,2022
65,2.0,460183,text-classification,2022-03-02 23:29:05+00:00,madhurjindal/autonlp-Gibberish-Detector-492513457,2022
428,2.0,249156,text-generation,2022-03-02 23:29:05+00:00,microsoft/DialoGPT-medium,2022
81,2.0,256562,fill-mask,2022-03-02 23:29:05+00:00,microsoft/graphcodebert-base,2022
289,2.0,4087921,fill-mask,2022-03-02 23:29:05+00:00,nlpaueb/legal-bert-base-uncased,2022
920,2.0,1571501,image-to-text,2022-03-02 23:29:05+00:00,nlpconnect/vit-gpt2-image-captioning,2022
212,2.0,0,fill-mask,2022-03-02 23:29:05+00:00,ai-forever/Real-ESRGAN,2022
40,2.0,54666,fill-mask,2022-03-02 23:29:05+00:00,ai-forever/ruBert-base,2022
324,2.0,966172,sentence-similarity,2022-03-02 23:29:05+00:00,sentence-transformers/LaBSE,2022
763,2.0,372306,sentence-similarity,2022-03-02 23:29:05+00:00,shibing624/text2vec-base-chinese,2022
165,2.0,656585,audio-classification,2022-03-02 23:29:05+00:00,speechbrain/emotion-recognition-wav2vec2-IEMOCAP,2022
464,2.0,227525,image-classification,2022-03-16 15:42:43+00:00,microsoft/resnet-50,2022
9,2.0,767,audio-classification,2022-03-29 02:42:17+00:00,somosnlp-hackathon-2022/wav2vec2-base-finetuned-sentiment-classification-MESD,2022
79,2.0,157023,unconditional-image-generation,2022-06-16 12:53:22+00:00,google/ddpm-cifar10-32,2022
140,2.0,0,translation,2022-06-23 08:19:11+00:00,yandex/yalm-100b,2022
388,2.0,49393,translation,2022-07-08 10:06:00+00:00,facebook/nllb-200-3.3B,2022
257,2.0,133185,document-question-answering,2022-07-19 13:58:22+00:00,naver-clova-ix/donut-base-finetuned-docvqa,2022
6940,2.0,627936,text-to-image,2022-08-20 13:26:13+00:00,CompVis/stable-diffusion-v1-4,2022
632,2.0,479696,text-classification,2022-09-15 13:04:21+00:00,SamLowe/roberta-base-go_emotions,2022
1391,2.0,2,text-to-image,2022-10-13 09:51:18+00:00,stabilityai/sd-vae-ft-mse-original,2022
383,2.0,1942551,object-detection,2022-10-14 09:14:13+00:00,microsoft/table-transformer-detection,2022
851,2.0,431281,translation,2022-10-21 10:07:08+00:00,google/flan-t5-large,2022
95,2.0,6671,translation,2022-11-01 17:58:07+00:00,alirezamsh/small100,2022
291,2.0,38522,text-generation,2022-11-20 13:20:45+00:00,microsoft/biogpt,2022
108,2.0,0,image-segmentation,2022-11-20 16:34:24+00:00,QuanSun/EVA-CLIP,2022
96,2.0,0,image-segmentation,2022-11-23 10:20:47+00:00,utnah/esrgan,2022
466,2.0,115946,image-segmentation,2022-11-24 09:48:16+00:00,mattmdjaga/segformer_b2_clothes,2022
994,2.0,89219,text-to-image,2023-01-12 09:14:06+00:00,Lykon/DreamShaper,2023
1162,2.0,55022,image-to-image,2023-01-20 04:27:06+00:00,timbrooks/instruct-pix2pix,2023
738,2.0,32,text-to-image,2023-01-25 23:30:53+00:00,Linaqruf/anything-v3.0,2023
677,2.0,0,fill-mask,2023-01-29 20:30:31+00:00,2vXpSwA7/iroiro-lora,2023
1442,2.0,0,fill-mask,2023-02-14 20:52:49+00:00,webui/ControlNet-modules-safetensors,2023
14,2.0,0,fill-mask,2023-03-04 02:27:44+00:00,Serenak/chilloutmix,2023
301,2.0,340339,fill-mask,2023-03-19 15:04:41+00:00,medicalai/ClinicalBERT,2023
47,2.0,19098,text-classification,2023-04-13 17:52:32+00:00,kk08/CryptoBERT,2023
21,2.0,45602,automatic-speech-recognition,2023-05-02 21:37:47+00:00,Xenova/whisper-tiny.en,2023
1426,2.0,27061,text-generation,2023-06-24 15:07:20+00:00,monster-labs/control_v1p_sd15_qrcode_monster,2023
31,2.0,0,text-generation,2023-07-05 14:55:16+00:00,thebiglaskowski/inswapper_128.onnx,2023
595,2.0,302770,text-generation,2023-07-11 04:03:50+00:00,madebyollin/sdxl-vae-fp16-fix,2023
353,2.0,2561,text-generation,2023-08-10 20:35:34+00:00,Gryphe/MythoMax-L2-13b,2023
373,2.0,40323,text-generation,2023-08-24 16:31:11+00:00,codellama/CodeLlama-7b-hf,2023
85,2.0,104229,text-to-image,2023-08-26 16:49:06+00:00,Lykon/dreamshaper-8,2023
2072,2.0,0,text-to-image,2023-08-29 06:43:22+00:00,lllyasviel/sd_control_collection,2023
350,2.0,134263,text-to-image,2023-09-01 14:07:10+00:00,diffusers/stable-diffusion-xl-1.0-inpainting-0.1,2023
217,2.0,1419437,text-classification,2023-09-11 12:30:04+00:00,BAAI/bge-reranker-base,2023
383,2.0,3339052,feature-extraction,2023-09-12 05:20:55+00:00,BAAI/bge-small-en-v1.5,2023
87,2.0,144504,feature-extraction,2023-09-12 05:22:29+00:00,BAAI/bge-small-zh-v1.5,2023
437,2.0,1089535,feature-extraction,2023-09-12 07:39:18+00:00,BAAI/bge-reranker-large,2023
3,2.0,828,audio-classification,2023-09-27 12:49:46+00:00,mtg-upf/discogs-maest-30s-pw-129e,2023
36,2.0,0,text-to-image,2023-09-28 08:50:55+00:00,apple/coreml-stable-diffusion-xl-base-ios,2023
521,2.0,30665,image-text-to-text,2023-10-05 18:27:40+00:00,liuhaotian/llava-v1.5-13b,2023
1814,2.0,246856,text-generation,2023-10-26 11:25:49+00:00,HuggingFaceH4/zephyr-7b-beta,2023
551,2.0,17948,text-generation,2023-11-01 05:46:34+00:00,deepseek-ai/deepseek-coder-33b-instruct,2023
189,2.0,13571,text-generation,2023-11-04 22:04:16+00:00,TheBloke/deepseek-coder-33B-instruct-GGUF,2023
45,2.0,11741,text-generation,2023-11-05 13:15:17+00:00,TheBloke/deepseek-coder-1.3b-instruct-GGUF,2023
300,2.0,15576,text-generation,2023-11-08 16:03:23+00:00,epfl-llm/meditron-7b,2023
475,2.0,429920,automatic-speech-recognition,2023-11-23 09:34:20+00:00,Systran/faster-whisper-large-v3,2023
2485,2.0,400334,text-to-image,2023-11-27 15:19:11+00:00,stabilityai/sdxl-turbo,2023
926,2.0,50922,automatic-speech-recognition,2023-11-29 14:37:04+00:00,facebook/seamless-m4t-v2-large,2023
1771,2.0,51302,audio-to-audio,2023-12-01 09:42:00+00:00,mistralai/Mixtral-8x7B-v0.1,2023
170,2.0,0,audio-to-audio,2023-12-11 02:00:47+00:00,ResembleAI/resemble-enhance,2023
3410,2.0,929832,text-generation,2023-12-13 21:19:59+00:00,microsoft/phi-2,2023
201,2.0,89348,image-to-image,2023-12-31 20:53:43+00:00,TheBloke/TinyLlama-1.1B-Chat-v1.0-GGUF,2023
23,2.0,0,image-to-image,2024-01-03 00:46:10+00:00,Kim2091/ClearRealityV1,2024
132,2.0,21562,image-feature-extraction,2024-01-05 00:50:22+00:00,MahmoodLab/CONCH,2024
400,2.0,187,text-generation,2024-01-05 21:56:01+00:00,NousResearch/Genstruct-7B,2024
163,2.0,0,image-to-video,2024-01-27 10:35:00+00:00,nashikone/iroiroLoRA,2024
958,2.0,28406,image-to-video,2024-02-02 15:40:53+00:00,stabilityai/stable-video-diffusion-img2vid-xt-1-1,2024
80,2.0,2963,text-generation,2024-02-05 08:10:45+00:00,deepseek-ai/deepseek-math-7b-base,2024
143,2.0,68515,text-generation,2024-02-05 08:14:00+00:00,deepseek-ai/deepseek-math-7b-instruct,2024
403,2.0,33366,text-generation,2024-02-05 14:36:51+00:00,defog/sqlcoder-7b-2,2024
248,2.0,0,time-series-forecasting,2024-02-07 10:33:56+00:00,time-series-foundation-models/Lag-Llama,2024
1110,2.0,189554,text-generation,2024-02-08 08:11:26+00:00,google/gemma-2b,2024
476,2.0,66831,text-generation,2024-02-14 11:33:32+00:00,BioMistral/BioMistral-7B,2024
43,2.0,3739,text-generation,2024-02-16 10:38:01+00:00,LumiOpen/Viking-7B,2024
28,2.0,2048,object-detection,2024-02-25 23:05:00+00:00,qualcomm/MediaPipe-Face-Detection,2024
572,2.0,28639,image-to-3d,2024-02-29 13:01:16+00:00,stabilityai/TripoSR,2024
13,2.0,934021,image-classification,2024-03-05 12:50:28+00:00,iitolstykh/mivolo_v2,2024
743,2.0,1951202,feature-extraction,2024-03-07 15:45:34+00:00,mixedbread-ai/mxbai-embed-large-v1,2024
78,2.0,151456,feature-extraction,2024-03-08 15:40:21+00:00,naver/splade-v3,2024
353,2.0,1185015,automatic-speech-recognition,2024-03-21 12:10:42+00:00,distil-whisper/distil-large-v3,2024
1118,2.0,7613,text-generation,2024-03-26 20:07:24+00:00,databricks/dbrx-instruct,2024
407,2.0,8634,text-generation,2024-04-16 02:36:59+00:00,alpindale/WizardLM-2-8x22B,2024
739,2.0,11072,text-generation,2024-04-16 20:08:01+00:00,mistralai/Mixtral-8x22B-Instruct-v0.1,2024
372,2.0,188735,text-generation,2024-04-25 10:16:43+00:00,MLP-KTLim/llama-3-Korean-Bllossom-8B,2024
2,2.0,176,sentence-similarity,2024-04-27 10:10:39+00:00,Mihaiii/Ivysaur,2024
123,2.0,256,image-text-to-text,2024-05-13 00:34:54+00:00,google/paligemma-3b-pt-896,2024
254,2.0,25786,text-to-image,2024-05-13 14:47:50+00:00,xinsir/controlnet-openpose-sdxl-1.0,2024
118,2.0,462,text-to-image,2024-05-22 21:24:05+00:00,HURIDOCS/pdf-document-layout-analysis,2024
221,2.0,43166,text-to-image,2024-05-23 00:19:26+00:00,tianweiy/DMD2,2024
86,2.0,1330,text-generation,2024-05-31 00:55:35+00:00,yentinglin/Llama-3-Taiwan-70B-Instruct,2024
38,2.0,0,image-to-text,2024-06-05 08:50:29+00:00,fofr/comfyui,2024
4,2.0,1019,image-to-text,2024-06-09 11:36:38+00:00,hezarai/crnn-fa-license-plate-recognition-v2,2024
156,2.0,238583,image-text-to-text,2024-06-10 16:35:59+00:00,openvla/openvla-7b,2024
424,2.0,111590,text-to-image,2024-06-12 16:21:22+00:00,stabilityai/stable-diffusion-3-medium-diffusers,2024
502,2.0,229577,text-generation,2024-06-14 06:23:33+00:00,deepseek-ai/DeepSeek-Coder-V2-Lite-Instruct,2024
77,2.0,261,depth-estimation,2024-06-15 11:26:43+00:00,apple/coreml-depth-anything-v2-small,2024
2,2.0,105,automatic-speech-recognition,2024-06-20 14:33:20+00:00,Dragneel/whisper-small-nepali,2024
143,2.0,21,automatic-speech-recognition,2024-06-25 04:25:33+00:00,espnet/xeus,2024
186,2.0,580942,image-segmentation,2024-07-02 12:26:11+00:00,docling-project/docling-models,2024
488,2.0,853748,image-segmentation,2024-07-12 08:50:09+00:00,ZhengPeng7/BiRefNet,2024
309,2.0,81,text-generation,2024-07-16 00:54:27+00:00,stabilityai/sv4d,2024
610,2.0,130469,text-generation,2024-07-16 08:07:29+00:00,google/gemma-2-2b,2024
97,2.0,3558,text-generation,2024-07-16 20:36:52+00:00,google/shieldgemma-2b,2024
168,2.0,122053,text-ranking,2024-07-20 08:38:18+00:00,Alibaba-NLP/gte-multilingual-reranker-base,2024
93,2.0,215201,text-generation,2024-07-23 16:24:05+00:00,unsloth/Meta-Llama-3.1-8B-Instruct,2024
33,2.0,3211,text-generation,2024-07-25 15:52:33+00:00,comfyanonymous/hunyuan_dit_comfyui,2024
125,2.0,14319,text-generation,2024-07-28 07:02:48+00:00,QuantFactory/DarkIdol-Llama-3.1-8B-Instruct-1.2-Uncensored-GGUF,2024
6,2.0,819,image-to-image,2024-07-28 07:31:04+00:00,sagawa/ReactionT5v2-forward,2024
2,2.0,185,image-to-image,2024-07-28 10:14:57+00:00,sagawa/ReactionT5v2-retrosynthesis,2024
315,2.0,4282,image-to-image,2024-07-29 20:46:37+00:00,fal/AuraSR-v2,2024
188,2.0,0,image-feature-extraction,2024-07-30 15:42:39+00:00,google/gemma-scope,2024
71,2.0,83,image-feature-extraction,2024-08-03 16:56:54+00:00,TheDrummer/Gemmasutra-Mini-2B-v1,2024
243,2.0,213847,image-feature-extraction,2024-08-04 18:38:36+00:00,Comfy-Org/flux1-schnell,2024
96,2.0,62485,image-feature-extraction,2024-08-05 18:31:11+00:00,paige-ai/Virchow2,2024
28,2.0,25619,zero-shot-image-classification,2024-08-08 01:01:13+00:00,Marqo/marqo-fashionCLIP,2024
578,2.0,0,text-to-image,2024-08-08 16:57:58+00:00,XLabs-AI/flux-lora-collection,2024
63,2.0,302251,zero-shot-image-classification,2024-08-09 01:32:22+00:00,Marqo/marqo-fashionSigLIP,2024
738,2.0,0,text-to-image,2024-08-10 08:12:40+00:00,lllyasviel/flux1-dev-bnb-nf4,2024
534,2.0,9375,text-to-image,2024-08-13 00:09:08+00:00,XLabs-AI/flux-controlnet-collections,2024
312,2.0,2425,text-to-image,2024-08-14 10:16:54+00:00,InstantX/FLUX.1-dev-IP-Adapter,2024
28,2.0,1040,image-text-to-text,2024-08-16 17:47:05+00:00,mlabonne/Hermes-3-Llama-3.1-8B-lorablated-GGUF,2024
715,2.0,427488,image-text-to-text,2024-08-16 23:48:22+00:00,microsoft/Phi-3.5-vision-instruct,2024
653,2.0,41228,text-to-video,2024-08-17 11:42:28+00:00,zai-org/CogVideoX-5b,2024
255,2.0,1094,text-to-image,2024-08-19 16:51:50+00:00,Mozilla/whisperfile,2024
418,2.0,15891,text-to-image,2024-08-20 20:47:30+00:00,XLabs-AI/flux-ip-adapter,2024
31,2.0,6055,object-detection,2024-08-24 11:42:39+00:00,yainage90/fashion-object-detection,2024
435,2.0,0,text-to-speech,2024-08-27 11:30:43+00:00,gpt-omni/mini-omni,2024
1243,2.0,1627308,image-text-to-text,2024-08-28 09:03:13+00:00,Qwen/Qwen2-VL-7B-Instruct,2024
484,2.0,199043,feature-extraction,2024-08-29 13:00:32+00:00,nvidia/NV-Embed-v2,2024
118,2.0,51906,video-text-to-text,2024-09-02 06:36:42+00:00,lmms-lab/LLaVA-Video-7B-Qwen2,2024
6,2.0,572,automatic-speech-recognition,2024-09-05 17:07:05+00:00,ai4bharat/indicconformer_stt_hi_hybrid_ctc_rnnt_large,2024
155,2.0,226739,text-generation,2024-09-15 12:17:03+00:00,Qwen/Qwen2.5-3B,2024
130,2.0,338723,text-generation,2024-09-15 12:18:18+00:00,Qwen/Qwen2.5-14B,2024
395,2.0,1982619,text-generation,2024-09-16 11:52:46+00:00,Qwen/Qwen2.5-0.5B-Instruct,2024
285,2.0,618833,text-generation,2024-09-16 11:56:10+00:00,Qwen/Qwen2.5-14B-Instruct,2024
307,2.0,314937,text-generation,2024-09-17 04:17:55+00:00,Qwen/Qwen2.5-32B-Instruct,2024
43,2.0,16951,text-generation,2024-09-17 12:53:17+00:00,Qwen/Qwen2.5-72B-Instruct-GPTQ-Int4,2024
558,2.0,5011787,text-generation,2024-09-17 14:10:29+00:00,Qwen/Qwen2.5-1.5B-Instruct,2024
568,2.0,12565,image-text-to-text,2024-09-18 16:46:21+00:00,meta-llama/Llama-3.2-11B-Vision,2024
852,2.0,12930,image-to-image,2024-09-23 13:23:33+00:00,jasperai/Flux.1-dev-Controlnet-Upscaler,2024
3,2.0,0,text-generation,2024-09-24 12:37:54+00:00,digitalbrain79/dreamshaper-xl-lightning-4step-ios-6bits,2024
34,2.0,12857,text-generation,2024-09-25 18:35:04+00:00,mlx-community/Llama-3.2-3B-Instruct-4bit,2024
33,2.0,25668,text-generation,2024-09-26 04:07:52+00:00,Orion-zhen/Qwen2.5-7B-Instruct-Uncensored,2024
135,2.0,144970,text-generation,2024-09-26 13:03:26+00:00,UmeAiRT/ComfyUI-Auto_installer,2024
146,2.0,2458,text-generation,2024-09-27 14:36:17+00:00,chuanli11/Llama-3.2-3B-Instruct-uncensored,2024
23,2.0,12321,text-classification,2024-09-29 06:46:01+00:00,gpustack/bge-reranker-v2-m3-GGUF,2024
35,2.0,0,time-series-forecasting,2024-10-03 04:45:13+00:00,Sucial/MSST-WebUI,2024
139,2.0,142178,time-series-forecasting,2024-10-08 10:47:25+00:00,ibm-granite/granite-timeseries-ttm-r2,2024
155,2.0,252,text-generation,2024-10-09 20:18:18+00:00,nvidia/Hymba-1.5B-Base,2024
145,2.0,7747,image-feature-extraction,2024-10-16 12:53:43+00:00,Ultralytics/YOLO11,2024
15,2.0,0,image-feature-extraction,2024-10-18 13:53:24+00:00,MahmoodLab/conchv1_5,2024
198,2.0,93596,text-to-image,2024-10-22 01:30:14+00:00,Comfy-Org/stable-diffusion-3.5-fp8,2024
647,2.0,14568,text-to-image,2024-10-22 07:32:47+00:00,stabilityai/stable-diffusion-3.5-large-turbo,2024
1290,2.0,3913,text-to-video,2024-10-22 07:36:03+00:00,genmo/mochi-1-preview,2024
615,2.0,190,text-generation,2024-10-22 14:27:04+00:00,tencent/Tencent-Hunyuan-Large,2024
22,2.0,13746,text-generation,2024-10-23 05:22:52+00:00,zai-org/glm-4-9b-chat-hf,2024
2063,2.0,262103,image-to-video,2024-10-31 12:36:00+00:00,Lightricks/LTX-Video,2024
266,2.0,205846,text-generation,2024-10-31 13:41:10+00:00,HuggingFaceTB/SmolLM2-135M-Instruct,2024
225,2.0,7206,text-generation,2024-11-04 14:27:24+00:00,jpgallegoar/F5-Spanish,2024
100,2.0,361,text-generation,2024-11-04 21:32:56+00:00,microsoft/BiomedParse,2024
82,2.0,66793,text-generation,2024-11-06 07:49:38+00:00,Qwen/Qwen2.5-Coder-3B-Instruct,2024
1954,2.0,273658,text-generation,2024-11-06 07:49:50+00:00,Qwen/Qwen2.5-Coder-32B-Instruct,2024
219,2.0,1410966,sentence-similarity,2024-11-08 16:55:31+00:00,Snowflake/snowflake-arctic-embed-l-v2.0,2024
111,2.0,9899,automatic-speech-recognition,2024-11-10 06:08:07+00:00,litagin/anime-whisper,2024
69,2.0,2107,text-generation,2024-11-16 20:33:17+00:00,FallenMerick/MN-Violet-Lotus-12B,2024
577,2.0,22310,text-to-image,2024-11-20 19:46:40+00:00,black-forest-labs/FLUX.1-Redux-dev,2024
233,2.0,1895,text-to-image,2024-11-20 19:46:58+00:00,black-forest-labs/FLUX.1-Canny-dev,2024
93,2.0,129,image-classification,2024-11-20 21:49:51+00:00,google/cxr-foundation,2024
220,2.0,25866,image-text-to-text,2024-11-22 23:01:40+00:00,stepfun-ai/GOT-OCR-2.0-hf,2024
3,2.0,395,text-generation,2024-11-27 13:25:26+00:00,zai-org/glm-edge-1.5b-chat-gguf,2024
5,2.0,526,text-generation,2024-11-27 13:25:58+00:00,zai-org/glm-edge-4b-chat-gguf,2024
100,2.0,0,text-generation,2024-12-10 20:36:54+00:00,hkchengrex/MMAudio,2024
2191,2.0,470951,text-generation,2024-12-11 11:47:29+00:00,microsoft/phi-4,2024
434,2.0,74311,fill-mask,2024-12-11 15:55:21+00:00,answerdotai/ModernBERT-large,2024
279,2.0,992,audio-text-to-text,2024-12-11 16:50:52+00:00,NexaAI/OmniAudio-2.6B,2024
369,2.0,38848,image-text-to-text,2024-12-13 09:06:44+00:00,deepseek-ai/deepseek-vl2,2024
233,2.0,318806,text-to-speech,2024-12-17 08:03:48+00:00,Comfy-Org/HunyuanVideo_repackaged,2024
7,2.0,1305,text-to-speech,2024-12-18 07:16:49+00:00,tensorblock/sexyGPT-Uncensored-GGUF,2024
42,2.0,114,text-to-speech,2024-12-31 12:25:04+00:00,saheedniyi/YarnGPT,2024
729,2.0,10948,text-generation,2025-01-13 02:44:23+00:00,jinaai/ReaderLM-v2,2025
22,2.0,0,image-to-image,2025-01-15 01:09:42+00:00,Kim2091/2x-AnimeSharpV4,2025
14,2.0,59,text-to-speech,2025-01-15 09:27:08+00:00,saheedniyi/YarnGPT-local,2025
185,2.0,55845,sentence-similarity,2025-01-20 03:03:48+00:00,Alibaba-NLP/gte-modernbert-base,2025
81,2.0,12198,text-generation,2025-01-20 14:52:20+00:00,bartowski/DeepSeek-R1-Distill-Qwen-1.5B-GGUF,2025
122,2.0,757,text-generation,2025-01-21 03:41:56+00:00,AlicanKiraz0/Cybersecurity-BaronLLM_Offensive_Security_LLM_Q6_K_GGUF,2025
235,2.0,949,text-generation,2025-01-22 12:43:29+00:00,huihui-ai/DeepSeek-R1-Distill-Qwen-32B-abliterated,2025
218,2.0,11551,image-segmentation,2025-01-22 14:39:05+00:00,PramaLLC/BEN2,2025
146,2.0,457,text-generation,2025-01-23 13:25:26+00:00,huihui-ai/DeepSeek-R1-Distill-Qwen-14B-abliterated-v2,2025
6,2.0,93,text-classification,2025-01-23 22:16:28+00:00,NeuML/language-id,2025
3531,2.0,44219,any-to-any,2025-01-26 12:05:50+00:00,deepseek-ai/Janus-Pro-7B,2025
4,2.0,0,object-detection,2025-01-29 02:40:28+00:00,Bryan32/IllustriousPonyXL,2025
11,2.0,0,object-detection,2025-01-30 05:10:01+00:00,deepghs/yolo-face,2025
370,2.0,39526,text-to-speech,2025-01-30 15:21:48+00:00,zed-industries/zeta,2025
4,2.0,80,text-to-speech,2025-02-04 04:14:31+00:00,saheedniyi/YarnGPT2b,2025
4,2.0,0,image-text-to-text,2025-02-07 10:41:05+00:00,mabote-itumeleng/ONNX-SAM2-Segment-Anything,2025
105,2.0,130084,image-text-to-text,2025-02-11 07:06:38+00:00,HuggingFaceTB/SmolVLM2-500M-Video-Instruct,2025
148,2.0,0,text-to-image,2025-02-12 17:20:35+00:00,Liberata/illustrious-xl-v1.0,2025
17,2.0,1690,video-text-to-text,2025-02-12 19:51:08+00:00,mlx-community/SmolVLM2-500M-Video-Instruct-mlx,2025
59,2.0,0,zero-shot-image-classification,2025-02-14 11:13:57+00:00,Kijai/PrecompiledWheels,2025
118,2.0,0,zero-shot-image-classification,2025-02-16 19:51:22+00:00,Sukino/SillyTavern-Settings-and-Presets,2025
81,2.0,113840,zero-shot-image-classification,2025-02-17 20:00:32+00:00,google/siglip2-base-patch16-224,2025
2327,2.0,1693,text-generation,2025-02-18 00:13:05+00:00,perplexity-ai/r1-1776,2025
